{"D": [-8.450175173231896, -5.27939887756997, -5.108378300768264, -5.387832451881247, -5.576634835182352, -5.341264130714092, -4.955105482517404, -5.030278266237137, -4.219093628132597, -3.8094560326413904, -3.8877741270876944, -4.232966591956767, -4.131743278909237, -3.4301769596465093, -3.377416968345642, -3.8863686105038258, -3.819836038731514, -3.6405956450929033, -3.885930993709158, -3.572632488798588, -3.058537797724947, -3.4440874454822947, -3.009096915163892, -2.232369133259388, -3.119910914339918, -3.413308793433169, -1.93498496641504, -2.358626153621268, -2.669726548042703, -3.0823865849921046, -2.5732967790136945, -2.9123576072936364, -3.113501842478488, -2.6028797540258855, -3.251746886080884, -3.0964387911431333, -2.4848351592713214, -2.9758102716283594, -2.6291113057035083, -2.6004213317911677, -2.85643796870049, -2.610099847773288, -2.664074912477047, -2.35307747252444, -2.4447484518619294, -2.0029520265599516, -1.9301567057345776, -2.275887753608379, -2.5893541660714656, -2.7923727596059758, -2.161905253440776, -2.738077304718342, -2.4479391105631563, -2.479822974002108, -2.644305942920928, -2.8486096914778365, -2.5431631970912854, -2.605436799881306, -2.23432597378467, -2.411992126576444, -2.1205211852459196, -2.340395227391669, -2.3610237380291554, -2.4142027451636943, -2.256475559447674, -2.2925738933238575, -2.283301376535537, -2.227582026542501, -1.811086766263272, -2.3366915274173654, -1.8496345837065513, -2.4224945164741354, -2.5470728493751364, -2.515194853315962, -1.9038163258674297, -2.106024085460825, -1.6913172648308126, -2.4464916292657244, -2.200898595820082, -2.103539619039982, -2.150755885306825, -2.569568055994967, -1.5894654208675343, -1.7445864007828082, -2.2454393036822053, -1.9676217987182292, -2.235380091312084, -2.048206686719935, -2.1732686849350626, -2.4989607912428835, -1.7943624600451042, -2.3887425503832227, -2.2312918815206975, -1.952733477886687, -2.1242753231779057, -2.3362872166836515, -1.9243800145514467, -2.104747398356174, -2.013685092012933, -1.9542070185884517], "G": [9.912491565055035, 10.120330853157855, 11.252845764160156, 11.598045998431267, 12.797383714229502, 13.417478853590945, 13.525431669519303, 14.301030540466309, 17.961434603751975, 17.547311052362968, 18.893986779070914, 18.36955864277292, 19.708159767313205, 22.155159037163916, 22.28191687401305, 21.438636276569774, 22.029168408982297, 23.45344546703582, 23.356167302233107, 24.402779851061233, 26.464063652525557, 25.44817620947006, 25.672285818546378, 28.319644992909534, 26.51760559893669, 25.75093697081221, 27.285587091648832, 29.458979375311667, 28.06656682440575, 26.83373360329486, 27.490658658616088, 27.240360544082968, 26.989185463113987, 28.17552838426955, 27.601023434578103, 28.344534837438704, 28.92135781633093, 28.990545873439057, 29.42853291288335, 29.849910249101356, 29.38022663035291, 29.767341922191864, 29.862151791187042, 30.52704031112346, 31.13150783295327, 30.803544081018327, 31.535832254937354, 31.5410508419605, 30.403427075325176, 30.463763922833383, 31.445931552318818, 30.781450977731257, 30.562365414233916, 30.767405059489796, 30.809472704948263, 30.601736247285885, 30.682021891817133, 30.5956398334909, 30.35339296219197, 30.905971884220204, 30.877994034138133, 30.551632211563437, 30.423220703449655, 30.462609270785716, 30.766988746156084, 30.94080679061565, 30.957873981556993, 30.887551636391496, 31.618395663322286, 31.392521675596846, 31.071355568094457, 30.68009900032206, 30.298012851146943, 30.405880712955557, 30.707628534195273, 30.832508939377806, 31.116705143705328, 31.493855650881503, 31.07187422894417, 30.711298573270756, 31.04558683354804, 30.436201501399914, 29.701807622706635, 31.471849027593084, 30.81240451893908, 30.33981273732287, 30.220208569790454, 30.474310887113532, 30.440644795843895, 29.947133798802152, 30.54341097892599, 30.386426893193672, 30.21887038210605, 29.79808068782725, 30.472224531782434, 29.96946306431547, 30.446471388796542, 30.643318257433304, 30.287679209607713, 30.350936670506254], "fid_epochs": [10, 20, 30, 40, 50, 60, 70, 80, 90, 100], "fid_values": [106.67181650563447, 80.26804015270693, 72.60374382413096, 65.08911287667166, 62.097781475799025, 58.27872947699609, 57.68283580661523, 58.206480023784195, 54.754130613737686, 54.10934729440902]}