{"D": [0.09559268469603945, 0.17146344551274292, 0.19653525201698083, 0.09388072206933476, 0.23297834978733636, 0.15319950789614004, 0.03522376525746305, 0.10492937603399535, 0.049786250743590575, 0.04744102453364979, 0.10389210811309234, 0.09303187716846602, 0.09906922051494446, 0.1318242158740759, 0.019626443498308145, 0.15590890832952684, 0.014325892800300182, 0.18623436310717575, 0.009960200230862144, 0.006345158042032508, 0.22440413629659747, 0.015812800796348836, 0.0756929304710106, 0.14217618807466537, 0.0748754725555736, 0.06997741704594486, 0.006543620477748822, 0.0896377507597208, 0.09363910708505707, 0.015257307310600448, 0.16456335820139775, 0.059035883467833075, 0.1400083701090911, 0.036800372319979756, 0.12313146123521124, 0.01758448762489082, 0.04949345239261283, 0.11571967512180534, 0.0189858312966137, 0.026357628352044127, 0.004881757818445374, 0.07591580989758802, 0.14723455391329113, 0.021775268643057046, 0.027902589474297777, 0.005224993711785425, 0.13511515596197754, 0.01840768577648869, 0.16312517115516187, 0.0046989442721669435, 0.14198563132977374, 0.025446813258849368, 0.00795303924669382, 0.1384765095183555, 0.057874365526994195, 0.03593729482374237, 0.05305603029253551, 0.14944489655096696, 0.05785317382999236, 0.046197035202544326, 0.08740786945777415, 0.20872082090877656, 0.03933532841951598, 0.06219931822741711, 0.021729779954339508, 0.004917048442448619, 0.1306168817313789, 0.10348125612598998, 0.06174929718828843, 0.004543086832177036, 0.011145910725610542, 0.002291207449345649, 0.003133776568206428, 0.02144969166315432, 0.0970572099572967, 0.19107882388501982, 0.011749092047397472, 0.12697554116219847, 0.0038552753143955634, 0.18968512410227256, 0.02100104781433563, 0.06970252261697492, 0.005038743921190123, 0.0026793576293636726, 0.016827584214838622, 0.010524613617718974, 0.2799926474395715, 0.01516114709945985, 0.021004335801529734, 0.20450369248614658, 0.021251067973060322, 0.04601049335390518, 0.009529993969569855, 0.09902514301570534, 0.009688439366372325, 0.12597003094616194, 0.016284133236902424, 0.00573037462191114, 0.16080177571223694, 0.06845854907119765], "G": [48.63881538487688, 45.73508004297184, 46.47748449784291, 46.99931263018258, 45.62487913687018, 46.02205363406411, 46.068760352798655, 46.565188347538815, 46.9679730572278, 46.96928048435646, 47.519177835198896, 47.48288929613331, 47.37538827823687, 47.80053850970691, 46.89422728140143, 47.326524034331115, 47.28568147103998, 48.12900263146509, 47.61076861997194, 47.55539104606532, 47.971933244149895, 47.889951198915895, 48.57912705819818, 48.67003829569756, 48.664081766635555, 48.758483693569524, 48.87921606136274, 49.36033755918093, 49.40712385539767, 48.56387126294872, 50.15215610552438, 50.127398671983165, 49.705336172369464, 49.547837269457084, 49.86950910544093, 49.883236462556866, 50.34106802638573, 50.42989436282387, 50.27292251586914, 50.11249469805367, 49.18402423134333, 50.55998992919922, 51.326653734038146, 50.41255424596086, 50.60026231596741, 50.220059262046334, 51.66824171814737, 50.92561610740951, 51.30395396751693, 50.4533718447142, 50.96953510332711, 50.944261719908894, 50.39625129216834, 50.767236926887605, 51.47563562513907, 51.22034589550163, 51.7534409052209, 52.08855385116384, 51.23304318778123, 50.39003787463224, 51.11541260345073, 50.40361988695362, 50.413585904278335, 51.254555617706686, 51.08820381647424, 50.30876710143271, 50.71951926509036, 51.02784786948675, 51.38798691954794, 50.723047473762605, 51.07413101196289, 50.454495924937575, 50.419371737709525, 51.32913777798037, 51.68405267256725, 51.31029925768888, 51.669753786883774, 51.596261374558075, 51.58120090146608, 51.322844444950924, 51.14444022842601, 51.26065415973905, 51.171896536138995, 51.177449479887756, 52.4431253264222, 52.06207058097743, 51.652101057994216, 51.1242304934731, 52.197380259067195, 52.12670396249506, 51.87104420722285, 51.72464665280113, 51.2459184187877, 51.39561138877386, 51.20975537843342, 52.338537964639784, 51.90046392513227, 52.00154244145261, 52.65922976143752, 52.29786064051375], "fid_epochs": [10, 20, 30, 40, 50, 60, 70, 80, 90, 100], "fid_values": [355.9523081589214, 284.8230235892901, 222.42153540567293, 246.46117688244595, 232.7427831437483, 240.0464791309519, 220.1941565811448, 240.26408047194855, 272.3219247148186, 194.75570717062385]}