{"D": [0.20193083216424298, 0.12420221054426316, 0.0711187830735522, 0.07179042828910033, 0.07834367456731609, 0.07579188095048413, 0.08411575861148955, 0.053174499123383435, 0.07810133929385821, 0.05276619008435008, 0.07135426780551939, 0.05151962644308615, 0.08234105603889261, 0.03698702571440793, 0.05787583023114392, 0.08355740795094792, 0.03047504928796683, 0.10459864747417552, 0.056528720399722114, 0.06589048770149156, 0.06317556045873238, 0.05306846448836629, 0.07439369259073454, 0.0485018568415352, 0.03901093405649981, 0.09687912446515792, 0.0500606133166672, 0.05324073258282431, 0.06527712458596967, 0.05711832470224832, 0.05675647429683629, 0.061435716317209135, 0.05923446697418761, 0.04602948806184294, 0.06527467864586989, 0.05705011782148267, 0.05466945554175035, 0.06171642362361636, 0.05973330179057882, 0.048545684203353076, 0.053674127796993536, 0.05594216945135723, 0.05938904911822751, 0.053656840533770796, 0.0515848266989793, 0.06934347560541713, 0.04510932477891369, 0.05966058674999668, 0.05805684028960326, 0.03796246050692657, 0.06083703978577286, 0.06977163048227654, 0.04877994843589528, 0.055313087211412086, 0.04286304071826665, 0.06321015548677948, 0.04566736592937385, 0.09397634188465946, 0.05879837241204803, 0.06551941909143687, 0.05701013757725772, 0.048050596869414874, 0.07228109340928972, 0.061938930407661914, 0.04270467259998545, 0.06271406501064748, 0.04868261771671988, 0.07794728775358642, 0.06467509066776546, 0.0654888945748396, 0.05685714196623363, 0.06618881126856217, 0.03945408312394224, 0.04184034078493905, 0.051619989704578886, 0.05141987421852358, 0.05319818833609447, 0.054121051832814425, 0.06325484457833078, 0.05135062831642149, 0.05179042581830869, 0.0385879024486903, 0.06631572518046336, 0.07827575039118528, 0.04843595129725954, 0.051856681921274, 0.04064072764781125, 0.07660897797815587, 0.04843566971509467, 0.044629354808774904, 0.06434392891681331, 0.06528141033237853, 0.056991761519342585, 0.05597446188378288, 0.06103822269269725, 0.05710915985810178, 0.06457800586776966, 0.05812455174248771, 0.07070562787249189, 0.07459134471667049], "G": [46.36441181504818, 46.40966256378252, 47.192878010937626, 47.569247731162456, 48.290654292191995, 48.89781236770513, 49.62025069214804, 49.51922114730796, 50.23889156253746, 50.182129072106406, 50.71953609105571, 50.810650788914515, 51.55169740174433, 51.426407396945805, 51.466552422174715, 52.06706756825947, 51.78315949500979, 52.0075219683635, 51.92859012574491, 52.27354787255797, 51.98512630999241, 52.34781130622415, 52.73074204232687, 52.55094686249638, 52.453853890109244, 52.54911354435679, 52.948082428759015, 52.85953839782559, 53.277704585238794, 52.93738913962908, 53.0455800224753, 53.41325415491753, 53.37374526704364, 53.498495740963676, 53.54707086665551, 53.64980992270858, 53.52036861019671, 53.414627914233584, 53.91828769186269, 53.65776826902424, 53.67733104149704, 53.72807222254136, 54.01685615207838, 54.18970983168658, 54.169247815066285, 53.811739363023996, 53.729432742613966, 54.26435417897256, 54.11527894159107, 54.17868818590403, 54.52504961447948, 54.5824005536716, 54.38349748694378, 54.67055754405458, 54.25217755798184, 54.7560711833827, 54.674952085060845, 54.160473055241965, 54.54821903199491, 54.59293560603695, 54.20681265126104, 54.22489486265061, 54.6596820275192, 54.55158105835585, 54.56203270446309, 54.70751226283705, 54.89042426497125, 54.822612820988724, 54.77412011617285, 54.796051503447316, 54.88611088628354, 54.929871434750766, 54.985141890738014, 55.41562182336207, 55.048950566050344, 54.9305932613285, 54.99178943487689, 54.77903002180407, 54.84133812594597, 55.401576547061694, 55.11788622375644, 55.237238276645044, 55.388858980534934, 55.12792001904734, 54.973578294524756, 55.200152716673244, 55.527997380327385, 54.73894640246925, 55.2853011109335, 55.10665968677882, 55.461153406011476, 55.15007934180062, 55.335797770858726, 55.5140069439588, 55.72658551501496, 55.51053626214147, 55.41436783188139, 55.26625930317832, 55.93035171586839, 55.47712206047819], "fid_epochs": [10, 20, 30, 40, 50, 60, 70, 80, 90, 100], "fid_values": [256.90674730607225, 254.04072558779865, 224.83530329183952, 201.2794473254848, 203.85874707506542, 210.77258754303256, 164.33356813186592, 161.44894677113479, 158.6396687561759, 152.07820264733505]}