{"D": [0.004622518313717979, 0.003289747995911463, 0.0025628249570875962, 0.004338403069909583, 0.00453518195835715, 0.017859345811983927, 0.005316639982877259, 0.019930079108242817, 0.015103728368264088, 0.01674654790487616, 0.019885497879078413, 0.014404547312594157, 0.014161716972259765, 0.025732118170460727, 0.021752350547529282, 0.017483481152498342, 0.01530338893793127, 0.03469289117889043, 0.01908282463716224, 0.017519116625586088, 0.0166402250166705, 0.014297594513962085, 0.030679393107903765, 0.03024664467319529, 0.022012272964608164, 0.02174179559632977, 0.05030748099088669, 0.02530672765396377, 0.022158469460369583, 0.044010057398415306, 0.030547924531980398, 0.02511196772250882, 0.02369827583352936, 0.04385765806098092, 0.051180811155032604, 0.034851834794229014, 0.028620117601562054, 0.025527632699665077, 0.052941295081511776, 0.05781406298913854, 0.03718890145500289, 0.030229041182455865, 0.029273346819459124, 0.026187131194239283, 0.04450388875730494, 0.05596978882367307, 0.04190039557820939, 0.03142254158180762, 0.02816399681639481, 0.030450619543169407, 0.026460646964768145, 0.02070146670981132, 0.021147102059578482, 0.06447738570141348, 0.07158849985596348, 0.04570746228217762, 0.03313332489354814, 0.02750096829766606, 0.02452263455798334, 0.020911098187393014, 0.03519750829350124, 0.18662689155007298, 0.11475853156694707, 0.07026788859053495, 0.045946936735368156, 0.03672784785244693, 0.02853900178315792, 0.02391396997833347, 0.022301718017997893, 0.025136716846138874, 0.1724460399927611, 0.14576994336824467, 0.08456892475010233, 0.05315895879324129, 0.04062877077450778, 0.03147741332650185, 0.02604401621650508, 0.03419788274715872, 0.034811253522701084, 0.02436964292118841, 0.021476530288643342, 0.019980501076900102, 0.01631639017971193, 0.01609243845884153, 0.04374466188489757, 0.20046461365641433, 0.1259802214880573, 0.0705678901615295, 0.05017539634508021, 0.036927413712552884, 0.027905677227263757, 0.023497024616424708, 0.020391595978884305, 0.017292968207534322, 0.09053178072381923, 0.3123086331293304, 0.3336845624954142, 0.2530796492511922, 0.16267643004180268, 0.10127850342938241], "G": [6.931226130749317, 7.459261531018196, 7.451425055240063, 7.128816393588451, 7.016290303494068, 7.078385016258727, 6.395230688947312, 6.123848217091662, 5.421966719120107, 5.6473096867825125, 5.439274900517566, 5.436217157891456, 5.657255328969753, 5.587066534732251, 4.65048157915156, 5.0006006991609615, 5.1348563437766215, 5.586908622498208, 5.195042887139827, 4.985041470223285, 5.181429712823097, 5.288366018457616, 6.0626269208624, 4.3872549036715895, 4.645318856137864, 4.851125973843514, 5.549149235258711, 4.615298716565396, 4.715880092661432, 5.076255558906717, 4.317721908650499, 4.668904372479053, 4.833036241125553, 5.7248832509872765, 4.065445705170327, 4.252585044820258, 4.517885331904634, 4.641016863762064, 5.170870509046189, 4.13970552099512, 4.13140276036364, 4.344485219996026, 4.640096311366304, 4.634333845909605, 5.623556405939954, 3.9499613416955826, 4.030016555177404, 4.313990430629, 4.472388947263677, 4.866470032549919, 4.797928273424189, 4.759188268539753, 5.1275514683824905, 5.806189047022069, 3.8223916774100446, 3.949232572190305, 4.240926218032837, 4.434183369291589, 4.608547026045779, 4.846669637395981, 5.231125984800623, 4.489033315536823, 3.346686818751883, 3.5497271984181507, 3.9160655194140497, 4.1255389325162195, 4.362796315741032, 4.57791503541013, 4.7137796107758865, 4.960237545662738, 4.481499813972635, 3.244995716784863, 3.4224582550373484, 3.7675602994066604, 4.007071423023305, 4.250128968218539, 4.440747622226147, 4.856800971132643, 4.575189909021905, 4.57764226629379, 4.690827682170462, 4.83343701666974, 5.063744118873109, 5.246954534408894, 6.243263217236134, 4.013338478575362, 3.443034175101747, 3.623295217879275, 3.88894431743216, 4.157084209360975, 4.426732829276552, 4.584191146810004, 4.7555589300520875, 4.969462185717644, 5.336539593148739, 3.3527588007297924, 2.4736314220631375, 2.640842710150049, 2.8790612296855196, 3.234297092417453], "fid_epochs": [10, 20, 30, 40, 50, 60, 70, 80, 90, 100], "fid_values": [110.42328993774686, 72.71921629127468, 61.97569063368269, 58.27798097881964, 53.72962504115878, 49.38425115326072, 49.75934189664599, 47.13831910643205, 46.47722085444758, 46.5358623053084]}