{"D": [0.36985169625495706, 0.3797397197931624, 0.43851424585980225, 0.47429789153053936, 0.5772896907899691, 0.5948872991153956, 0.5615192862499095, 0.5638540468328749, 0.5672340039592569, 0.5573513144651032, 0.5775499005070732, 0.5790343183995513, 0.5999483688331931, 0.604288941682757, 0.62089337296117, 0.638373405122391, 0.6494533008016894, 0.6235114789146292, 0.6581603483394589, 0.6048763771648602, 0.645139332393856, 0.626639190194247, 0.6026912416948382, 0.6083477646341104, 0.6046667752592155, 0.592104939281788, 0.5661530792332061, 0.5673771089948046, 0.5617598163730958, 0.5715733265404201, 0.5158244028420704, 0.5372282585219654, 0.5053143344266945, 0.5091743596336421, 0.49512095311108756, 0.4864161183767002, 0.47260481955678874, 0.451796067664233, 0.4740738993524895, 0.4206580266242137, 0.4278642373431064, 0.4109540756820413, 0.4252022766434323, 0.4015727233132133, 0.39986614428479655, 0.39913443075802624, 0.353829118420782, 0.3728814375065172, 0.34451910762873755, 0.32574555702755215, 0.41381189917854944, 0.35589261764608077, 0.3229655541593919, 0.3317851186789515, 0.3811551790751155, 0.3069194720205291, 0.3020566076592869, 0.34087398412930386, 0.26405397821646515, 0.27678614762633125, 0.3556395434128964, 0.30825297382977, 0.24822973741975893, 0.3383749906864503, 0.26845939832327465, 0.31019493644042395, 0.21890045669110839, 0.3343984357383855, 0.25877540324197706, 0.32915768938620227, 0.23986945223644415, 0.24127440461341074, 0.3198723298833346, 0.2049998378624087, 0.3110962618390084, 0.24660244735095965, 0.22430958657446878, 0.2515661844178615, 0.24829007373632067, 0.2481118884090039, 0.20902863391639326, 0.3407357562943112, 0.20124231986558574, 0.2041614491020894, 0.2810878936877793, 0.18122056746841086, 0.19092232945715756, 0.25379786208329147, 0.29911790421123013, 0.17686280641285584, 0.20363989978780983, 0.22033195430531982, 0.21009786796572683, 0.14287434039337327, 0.2785490730496319, 0.17489678249039384, 0.20968400147479133, 0.21111168876490402, 0.1910093425942199, 0.14523291393228427], "G": [3.3049613581898876, 2.3078206047377625, 1.7827192183650669, 1.68401175935555, 1.4719043344335483, 1.5027303209009073, 1.4556262369274788, 1.4635241614354542, 1.462081934770812, 1.4134713982986977, 1.4229865348361947, 1.3709044387692686, 1.327804390826951, 1.2895085109812219, 1.2724214337404123, 1.2169007920205135, 1.188844436146033, 1.213915836504277, 1.1702770440150863, 1.2152535205568804, 1.1972754833471897, 1.203374451297857, 1.2346197391867333, 1.2316870502651196, 1.221314464898213, 1.233338231397102, 1.2457436555258148, 1.2497653021760609, 1.2612618047677342, 1.2638898375146377, 1.3210666396505082, 1.2840931189944371, 1.3237326960543843, 1.3338797582442041, 1.3543766280993477, 1.3540573734837724, 1.3799224257602563, 1.3967276423445443, 1.4013187140988572, 1.4418961231208518, 1.4305880970471656, 1.4651150723057025, 1.4827762979185184, 1.4971057995772727, 1.5131486174471849, 1.5118340048033867, 1.544953419424384, 1.563745722136534, 1.6025026714157722, 1.6139167633355427, 1.569530201270757, 1.5999781209642014, 1.6219813999769939, 1.6345478597733065, 1.6184502370141047, 1.6507938832730589, 1.675042094553218, 1.696282467383253, 1.729724005474459, 1.7427716938697773, 1.7073472645848304, 1.7179240518633057, 1.7780333570087963, 1.7243152039835368, 1.789436573700984, 1.7700062507139447, 1.8060807161738195, 1.764054490401007, 1.807759888393952, 1.8005892117805493, 1.813099999257061, 1.858810805089181, 1.8283778457042505, 1.8832671860294878, 1.8404948875269926, 1.877526052639155, 1.895580924894956, 1.8898951856186017, 1.8816146568187972, 1.9110341214329538, 1.9500046615557902, 1.867672294911826, 1.97076926292742, 1.9714953076389745, 1.945436157857823, 1.9998454987774115, 2.0058176910023553, 1.9724820267856884, 1.9521108090286823, 2.00583131937191, 2.033372888555917, 2.023644626102484, 2.0090911958528603, 2.0907482975889047, 2.0098659872551403, 2.0852806082809976, 2.0494482531343277, 2.0833226998653407, 2.105308928414989, 2.1095482924252824], "fid_epochs": [10, 20, 30, 40, 50, 60, 70, 80, 90, 100], "fid_values": [80.76440024030978, 65.12347178906663, 52.55132111527979, 49.10838212390513, 47.80612718877171, 46.79507707435232, 45.01589416615394, 44.785155919703186, 45.15495441513235, 43.992780529682136]}