{"D": [0.9203337150652086, 0.027144414575203606, 0.004396494582790853, -0.011656969642776358, -0.007427632546676394, 0.0010514061831299912, -0.0025468687610248164, -0.004739661065056501, -0.010250288369062612, -0.008645067577395598, -0.011404218992975819, -0.017373763253469298, -0.01267471457676738, -0.013090517212305685, -0.01798227073534218, -0.019352423146252743, -0.023921282802377365, -0.04231800027477467, -0.0560970253041943, -0.09780832987917049, -0.09940464053388752, -0.08888221292963723, -0.06564854090209202, -0.05405215282574334, -0.06140058171337523, -0.07721370279484088, -0.07702932003742594, -0.06943617143746837, -0.05940870041756526, -0.05817260561734819, -0.05539466353023753, -0.0489177703333404, -0.04942612990241527, -0.05054029997657327, -0.049558491924839555, -0.051598573136893686, -0.04936899119973792, -0.04625237785527468, -0.04701722726283018, -0.04587677320289185, -0.043307248331473, -0.04264029853827203, -0.039427341040595414, -0.03784152196572565, -0.03356328786677107, -0.033676467759682395, -0.032690311341410705, -0.030405771554164265, -0.029810942333105883, -0.027965406587113963, -0.027811017440026984, -0.02747785713037719, -0.025151899589411438, -0.02398533268552988, -0.023828577026343712, -0.023085429199764033, -0.02271303573332708, -0.022423861364898323, -0.025355952727558362, -0.013689969185158572, -0.011167772637103753, -0.017390394002161063, -0.019206518535990546, -0.01928878457421232, -0.01868851240390859, -0.019210235010880185, -0.01770119119406966, -0.018541489291907576, -0.019528031157439247, -0.009696995445272274, -0.014147198691135248, -0.016674712390812765, -0.016497587618391835, -0.01689535968929834, -0.016581670750323158, -0.01652570398967437, -0.01607616259323438, -0.015022656885082917, -0.01596753369502323, -0.01499305803881353, -0.01704656861989242, -0.008571089880155099, -0.011927580691950247, -0.013814096341428854, -0.014189176306681102, -0.014118025272303377, -0.01446182910314835, -0.014320586033908607, -0.014540179078812566, -0.013963338754632893, -0.013044950961971374, -0.01324733911687151, -0.013648937256230266, -0.013877620191677757, -0.012973182529801756, -0.012641740294740252, -0.013252730264573756, -0.013307563365077423, -0.013182534713564856, -0.013670555861366679], "G": [0.24818821333091506, -0.178504033233313, -0.3461310264590146, -0.4775357969734065, -0.5495257543404694, -0.264334653570886, -0.12796158664514456, -0.0943695702881831, -0.09273433254178985, -0.04119391373866011, -0.049071782132815524, 0.021972133573787786, -0.004533607964082371, 0.049625901764978074, 0.051264826119031826, 0.11315052461503144, 0.09217510709200827, 0.15637971203574133, 0.2280288902218537, 0.23833700106776964, 0.009704164904601815, -0.266351731424994, -0.3573039999634237, -0.2723446472183518, -0.30187498628997894, -0.11279946290042318, -0.0411514859120159, 0.05600471044664302, 0.13168737369463268, 0.16600152006958757, 0.19129302684941787, 0.26174282388109, 0.400288344928971, 0.37395241071501045, 0.4471160199212106, 0.46131671966074983, 0.4537885806444661, 0.4782755290112837, 0.5454931187126643, 0.5339626334512325, 0.3658505857819715, 0.4148452958411268, 0.40714360425806106, 0.39418352519154853, 0.4138982618118034, 0.37579464325514594, 0.36807520245499625, 0.329766678059345, 0.28519424186338244, 0.27925668698032874, 0.3097749982038727, 0.2748023532426266, 0.26038145873209706, 0.1412077653412338, 0.1336220164022282, 0.15539186834202856, 0.11818274190885199, 0.14800190141000558, -0.09063908204202877, -0.2143886095916857, -0.14413461013628012, -0.0653951275713213, -0.0843780964679654, -0.07063763925229269, -0.03316242490773615, -0.11927065495139612, -0.08746256151467638, -0.16690687679916696, -0.0760588471934347, -0.2820076450283932, -0.1825086045295686, -0.17624068937604995, -0.1555405179576953, -0.1542666270147504, -0.13154393220749086, -0.09511059035351761, -0.10873475396062446, -0.1204886234852502, -0.13646716626225244, -0.12425530725903094, -0.22235049398692178, -0.3246913373165423, -0.2920914954694031, -0.26177382488232437, -0.29367417977441607, -0.18528961971440278, -0.25712182851093807, -0.27119885282138423, -0.22898608102174975, -0.29691860312238677, -0.21648960993113114, -0.1858017023300271, -0.15009273657256075, -0.13309577340617432, -0.28736599910137295, -0.08678862336627624, -0.0361298340509105, -0.0008895970149146741, 0.015325018421203717, 0.05793941926444545], "fid_epochs": [10, 20, 30, 40, 50, 60, 70, 80, 90, 100], "fid_values": [344.5256432879062, 215.77653792072445, 125.99537769431356, 99.4250686516828, 74.53805622500454, 72.1647785335195, 67.33053211905326, 62.57248217512927, 64.51277389405038, 59.88328731495261]}