{"D": [0.21741080340988775, 0.3545070801960661, 0.21476213968893948, 0.23836833254453985, 0.3581042414650004, 0.2465112280576153, 0.3317708741160149, 0.41790522403539493, 0.4626150392471476, 0.49758562566118036, 0.4980786286770029, 0.4790981128177744, 0.44296595432022784, 0.4805063361817218, 0.4777324452045116, 0.4927126376869831, 0.4479851152985654, 0.4611305723164944, 0.4870514610980419, 0.442400398216349, 0.5198508255659265, 0.4920811326579845, 0.5308648798535479, 0.5387340881564515, 0.5137233340042703, 0.5276407887961002, 0.5395850321713914, 0.5316836534345404, 0.5307836198426308, 0.5593576558726899, 0.4972443527680762, 0.5404162651046793, 0.4995557148722892, 0.5351232572438869, 0.5050968404938566, 0.5107863683332788, 0.5122333248244956, 0.47805601624732325, 0.5015214606643992, 0.48045893571478254, 0.47915004932499944, 0.4966833593363458, 0.4583468989805972, 0.459782929750199, 0.4590182544386133, 0.44998549790458475, 0.4250616487670452, 0.446653905542607, 0.4369133265094554, 0.39231742163921923, 0.42685894322522144, 0.41908696959627434, 0.41815645177947713, 0.3871600790226713, 0.37789719180857884, 0.39888197162208405, 0.35618714179764405, 0.3800616115965742, 0.31724137143885833, 0.35711057076745845, 0.3305737016524406, 0.338475443723988, 0.3971585705717827, 0.2728465832769871, 0.3364144146759459, 0.2838438757873596, 0.3536000316605923, 0.2579595840278458, 0.3279587829049597, 0.35287839025259016, 0.2665963086160891, 0.2765792873787119, 0.28617024951158687, 0.3347190484404564, 0.2416982707349544, 0.2453161645046574, 0.28378938387366054, 0.31762958606506914, 0.22499602551552209, 0.28273702377968646, 0.20633723150066874, 0.27631232692523205, 0.21482502030248338, 0.20614374072310773, 0.22266359316541792, 0.2552389842438254, 0.33211846567214803, 0.18030930428587374, 0.24573794302946708, 0.22648647229008853, 0.2123064883806287, 0.22417461775401806, 0.22555583310016292, 0.20142194765639748, 0.17281083342757947, 0.2363985197222296, 0.2617605835714556, 0.12291546384110413, 0.21547918130663482, 0.17700233734906354], "G": [3.559303054911025, 2.364844418332932, 2.2096690454381576, 1.8238278416877096, 1.3522416027302437, 1.4069811379655879, 1.2510685864915239, 1.0380042225756543, 0.9338559408137139, 0.9442301676628437, 1.011847724179004, 1.0044537782669067, 1.0546384996556222, 0.9660925797959592, 0.961947419415129, 0.9226244684229505, 0.9548679217379143, 0.9159695190318087, 0.9243996645541901, 0.8648694593855675, 0.8415567659317179, 0.8616350241163944, 0.8347657038810405, 0.7852431042397275, 0.7949843967214544, 0.7920484369105482, 0.7531738999042105, 0.7910733490548235, 0.7582581419894036, 0.7452468926602221, 0.7773548674076162, 0.7693831424763862, 0.7908893837573681, 0.7599596844074574, 0.8076599492671642, 0.7887925609629205, 0.8097997416841223, 0.8140795932171193, 0.7918501949056665, 0.835050001550228, 0.8645760657939505, 0.8313111232950332, 0.858898083199846, 0.8596063353913895, 0.8487376440078654, 0.8890988822947157, 0.8721857167304831, 0.8837460765179167, 0.9025673981676711, 0.9287753143209092, 0.9498097499634357, 0.9331161481268863, 0.9511020840482509, 0.9736906150554089, 0.9861026890734409, 0.9595739435642323, 0.9994290788122948, 1.0008451849856275, 1.0356335911344974, 1.0455121120239825, 1.0428121682177198, 1.0565214707496318, 1.0514107855076487, 1.1002989988377754, 1.0888894990403601, 1.1300933199994108, 1.1292963985432969, 1.1422639972351967, 1.1381681958411602, 1.0923125227715107, 1.1761164513040097, 1.1846542921472103, 1.1891298117789817, 1.1825432604931772, 1.2197095291411624, 1.2424133683772798, 1.2095969886221785, 1.2296547019735296, 1.2484262518426206, 1.2497583055749852, 1.2794418983002926, 1.261100932385059, 1.3160545881758345, 1.3218743764339609, 1.3311588757849755, 1.3420043855271442, 1.2704482088697717, 1.3557520370534126, 1.3282787913971759, 1.360573798671682, 1.353609150014025, 1.3969099421450433, 1.3767280416285739, 1.415951270499128, 1.4357918561773098, 1.4090852575099215, 1.4217446819264838, 1.4336038448709123, 1.4363873787382815, 1.4544044717829279], "fid_epochs": [10, 20, 30, 40, 50, 60, 70, 80, 90, 100], "fid_values": [106.61123747428604, 76.74595279209234, 61.33456399903423, 54.63690185300658, 52.28936933839202, 52.84489169538591, 47.48724598449223, 46.8014196960317, 46.06815293271893, 45.35785728172107]}