{"D": [0.23653717445747932, 0.23182668489263492, 0.31868351662479094, 0.3514748641940029, 0.31548094457906223, 0.4922838438578579, 0.5081978871694306, 0.5250990507395371, 0.5150611883081744, 0.5195163292881778, 0.5896597554159286, 0.5435875598198313, 0.582444334578941, 0.5484745643480354, 0.6014827591988742, 0.5941524607751071, 0.6035686881493425, 0.6203461262728552, 0.5793868673731909, 0.6495905460604011, 0.6547123621339384, 0.6096224968543138, 0.6037286725038152, 0.674230247431094, 0.6297412620633459, 0.5928210050553617, 0.6486516664247683, 0.6506097816750217, 0.5918646047792167, 0.658554507795807, 0.5893064953024735, 0.6308647054997857, 0.6301012483551679, 0.6054842225883318, 0.5927661770140119, 0.5586831093291798, 0.570411646228922, 0.5619754457031675, 0.5719931089436002, 0.5861619494455245, 0.5709104207927919, 0.5225178464446836, 0.5515711184429086, 0.5363734987614405, 0.5546945005350405, 0.5547017880412929, 0.5055433774314573, 0.48852522713144114, 0.47317058309112364, 0.49153102183585884, 0.4796002104001887, 0.46037084123362665, 0.4575568516845898, 0.4724507152729327, 0.35748769041827266, 0.5012663469061522, 0.5033373520959674, 0.4389687515890507, 0.4303063478158868, 0.5139633013921625, 0.4019326652636004, 0.36067586946670355, 0.45915572063239946, 0.5444220619662034, 0.3461606920222797, 0.5054594045862213, 0.41971005846167464, 0.31559844846691926, 0.4837229979769958, 0.39149069824182164, 0.35951558875915646, 0.3819069526232112, 0.3100849725020206, 0.3444478802973657, 0.3992080784324185, 0.47898531367864144, 0.37227537946018113, 0.24169929302714366, 0.5529980565733312, 0.3711360063775421, 0.25987663815545914, 0.38315736548141444, 0.3430889339169578, 0.44279902950500893, 0.3268350077902569, 0.3151649471057955, 0.24491462170544182, 0.4968844690476842, 0.21369821016136034, 0.462976978277154, 0.22306783445884504, 0.30755914814408175, 0.38113728445737866, 0.24741558238978276, 0.23992475489978596, 0.3455438944499206, 0.24912103217885928, 0.3809722217033281, 0.4590888180200706, 0.24529738369805124], "G": [4.8024138910386265, 4.170111531034455, 3.3895546567561987, 3.089109976311474, 3.0632280663151263, 2.4184461517921645, 2.345703289694036, 2.3205219387550793, 2.30999065121955, 2.2895925636486627, 2.1389534131973944, 2.113393778629277, 2.118442908508222, 1.984607699982193, 1.9541134422220994, 1.9549063875356598, 1.911139586344933, 1.890507644533044, 1.8850754654925803, 1.8504166357252565, 1.8428753725898541, 1.7963047304412212, 1.816870517819129, 1.825648408194961, 1.7932523755008911, 1.8222913654030437, 1.7902073928004945, 1.805312201113957, 1.8033667804335085, 1.8124962749193088, 1.8019873986921042, 1.8250867988142516, 1.8357362501952044, 1.8225874495323358, 1.8554016278527887, 1.890649351774884, 1.903102034421833, 1.9415288785534441, 1.909436809323023, 1.9465268649580076, 1.9898545071149192, 1.9977838692000456, 1.9983526459130485, 2.043939662587536, 2.0267928393552905, 2.067845020071625, 2.063644915707219, 2.113654952620149, 2.148146975356752, 2.1792314508000907, 2.201668092004402, 2.221511774622571, 2.2487322337487163, 2.246112608946288, 2.3371163460299793, 2.323269293396189, 2.3257779793449394, 2.3447254848144854, 2.3740669812082937, 2.373111193275551, 2.4515924145422323, 2.4207838994005453, 2.4413336056005925, 2.415664538502922, 2.478519073380229, 2.4342521006274787, 2.534795162737217, 2.5672033899427986, 2.557130884693559, 2.563832246510269, 2.651449853773503, 2.651696767796145, 2.640088295082912, 2.694272289324142, 2.71623386808521, 2.727819935761659, 2.6446574983732476, 2.82057284333212, 2.609048323141282, 2.7836369962111127, 2.837946867851345, 2.822668758904576, 2.892342720152167, 2.8291378442312367, 2.8418629007113863, 2.9092999387275227, 3.001204738531576, 2.8173486947348754, 3.0235493061182748, 2.8994508545829074, 2.9862488535663965, 3.0398993139224286, 3.0112762459175055, 3.1304057254205886, 3.0953680382055393, 3.125536896802885, 3.1075766830493117, 3.092722161232358, 3.0778956626240603, 3.054795179678046], "fid_epochs": [10, 20, 30, 40, 50, 60, 70, 80, 90, 100], "fid_values": [83.6153751864191, 58.15630179663208, 54.01342066072306, 48.94146721691487, 51.87619694347984, 46.59054890837979, 44.89207561091774, 44.17031025430833, 44.19307226846752, 42.77892520465309]}