{"D": [0.7967753444738844, 0.0801052691771629, 0.07518294033534983, 0.12705074309351597, 0.11055511665788102, 0.11127725869734237, 0.12641349907251115, 0.10836807015411397, 0.11820056479662022, 0.1208774486120711, 0.0832408848119543, 0.11977409741028826, 0.12060917389202626, 0.1269397425524732, 0.1296819617773624, 0.13117747222806544, 0.13555532535339923, 0.12978352095852508, 0.13954233084904386, 0.14797767034553466, 0.13916521841224203, 0.11841170359799202, 0.1581264446390436, 0.13780415836483875, 0.12528177859618309, 0.1294109270610708, 0.12187064380404797, 0.12516299127898317, 0.14196101690226412, 0.11965115232036469, 0.1278284730429345, 0.1242855743049307, 0.14496422153204044, 0.12618171458548688, 0.12712107586099747, 0.12234285962074361, 0.12417662825356139, 0.13597716942746588, 0.12602141027120833, 0.12169583083150234, 0.13733484960616904, 0.1447146697564328, 0.11100053763452997, 0.13646197442678695, 0.15067308936664398, 0.12404403215710152, 0.1184397596945154, 0.14128605438039657, 0.10956807685025195, 0.21094928659657214, 0.11978866140893166, 0.11483656897189769, 0.1092327392481743, 0.1370508220918635, 0.13137487375989873, 0.10706246182956594, 0.12297993257958838, 0.10477972430117587, 0.1365403116700497, 0.10582349825095623, 0.13514544873478565, 0.11479849065554903, 0.10332708122565391, 0.09832731666083032, 0.3046421971409879, 0.2286313680575249, 0.11838189113013288, 0.16292085682458066, 0.11980733357845469, 0.10449308692774874, 0.14040756281068983, 0.10786015985811011, 0.17550380195074894, 0.18659350295016106, 0.0938136192712378, 0.19875613690373745, 0.1059802586093862, 0.10155140814629007, 0.1161904088201675, 0.15693339320256355, 0.1005583811630594, 0.1503844678718993, 0.09458797331503097, 0.09401766329686692, 0.12563843540054687, 0.08887616243768245, 0.0876657633863865, 0.11132239921295896, 0.11414328829405156, 0.11394860668385283, 0.08347824460014384, 0.0807402696064178, 0.09829332261009419, 0.09552230863495076, 0.0837045616926031, 0.08410008323002369, 0.1629316104853407, 0.15091150494966102, 0.09642787891182493, 0.1819713775306306], "G": [1.7464983837877182, 0.4898208773992163, 0.46393407976373713, 0.36179029155284803, 0.3922997739720852, 0.3868980091937045, 0.43541981704691624, 0.41074022844116737, 0.3967949591577053, 0.41127504966360456, 0.46707017187108385, 0.42921960739062187, 0.3805478125335054, 0.3777860537805456, 0.3592689192041438, 0.34312814851390555, 0.3492384228142018, 0.3380854295447786, 0.35309277221243435, 0.3611467781853169, 0.2935087021995098, 0.35292080526656294, 0.31880228386280385, 0.3424232902520515, 0.33980816154086846, 0.3329764293387849, 0.3492365336243777, 0.33517096346204583, 0.3348747133653849, 0.33301736175062807, 0.3428503206911239, 0.33220492363610166, 0.32720704227685926, 0.32344117015600204, 0.32698285153254547, 0.31956333974574475, 0.3167523926401392, 0.3165517473870769, 0.31456367565279314, 0.3237104709161089, 0.31370621858600606, 0.3115763588630139, 0.3118855202768711, 0.326350151422493, 0.2947843129489016, 0.3108161129850022, 0.3177477414779207, 0.30665165040879805, 0.31838743195254754, 0.2556439539853563, 0.30352626160738316, 0.30843613921327795, 0.3145585446598682, 0.30811836867731934, 0.3097688340601769, 0.31403785731564177, 0.31966625984678876, 0.3200130556492095, 0.31983489784154484, 0.3202349704947877, 0.32387996951633313, 0.31441213405354224, 0.3292540133316466, 0.3270388939596237, 0.17881823117111592, 0.16721643918847784, 0.3028942216584023, 0.27429664358496664, 0.30711476332012644, 0.3190803034508482, 0.3176865063290647, 0.30775007924183884, 0.32189166588669127, 0.20750681837188437, 0.31325203099466387, 0.22822915506648256, 0.32794396591947433, 0.3222147873741515, 0.31577685387369164, 0.2947798443680748, 0.32054056849409923, 0.3078187318003558, 0.31987144929614475, 0.32935636764828197, 0.3164945568968641, 0.3353435551549526, 0.3387179990081077, 0.3418947839356483, 0.32434777520755503, 0.33788064794337497, 0.3487415952409836, 0.3564449154633157, 0.35332538116168466, 0.3523996711332113, 0.36198014261874745, 0.36387725290148815, 0.3033095864935758, 0.3090037743778939, 0.32775380865056464, 0.2692241262565268], "fid_epochs": [10, 20, 30, 40, 50, 60, 70, 80, 90, 100], "fid_values": [216.58635535322978, 96.38071136205258, 75.18677979273372, 64.75773210011954, 70.12385469173569, 56.8845704944124, 51.93940516720534, 53.37001829924054, 50.846909462186545, 52.13371619764473]}