{"D": [0.2741547120411111, 0.21182302755715748, 0.30316811014929085, 0.35306006687147845, 0.3644817272663269, 0.48291497770935066, 0.4997498953281461, 0.49597198952494376, 0.46605111995850074, 0.5207379245392197, 0.5257995711148852, 0.5209720936958747, 0.5187676415190368, 0.5309864647705537, 0.5585834105949268, 0.5825214365025615, 0.6027864959767407, 0.5963266367650093, 0.6023390036638435, 0.5893853590692706, 0.591297148171898, 0.5836588711003818, 0.5741546790084571, 0.5953364260208881, 0.5754345846755425, 0.5612853697270078, 0.5971833070944947, 0.5759070961524153, 0.5516200728924073, 0.5769885793671279, 0.545147357770549, 0.5318036914405311, 0.5353991184812372, 0.5392802313084493, 0.5056467602396255, 0.5030816821262355, 0.48879578656247813, 0.4644251620906698, 0.4883372700866074, 0.45468526563185563, 0.44321381881871186, 0.45013362516070266, 0.46554031845210764, 0.3922200405308048, 0.3968838607068257, 0.4398079501355396, 0.38973840979663915, 0.38133439853253875, 0.4149513349527746, 0.3590378324927576, 0.3841153405740133, 0.37615152200698243, 0.32309726731437244, 0.37221181742332476, 0.3488482347096476, 0.3394479703139085, 0.36681004814670215, 0.3252903598615581, 0.2890507558079632, 0.29304283276162185, 0.2995048478112349, 0.2948101975709733, 0.3308334877747861, 0.2924050773634478, 0.3051020991333458, 0.27534968969995716, 0.26846469606241913, 0.28099086671076773, 0.2701370509060295, 0.26317084382962236, 0.2933233272703484, 0.23386610333648178, 0.29097639296746924, 0.2787966409417065, 0.2686921513479803, 0.23944478951242115, 0.23148146083535592, 0.3026585126691081, 0.1845159337824911, 0.25977165547325787, 0.22368587105704085, 0.2722597605741733, 0.2207426485436423, 0.24244220915329082, 0.19528628984356627, 0.24712604090161716, 0.19132045482087623, 0.25416407225858373, 0.1784703102524933, 0.2126749595269904, 0.2261509351251299, 0.24864960576900663, 0.16792107907736012, 0.21326227089785554, 0.15268062755627476, 0.2749836334167882, 0.17933501565443052, 0.16683540683325446, 0.191610679275754, 0.22983288795918302], "G": [3.2095933213563224, 2.558716949599478, 1.917944053173675, 1.7949895626672394, 1.791683492005405, 1.4952126500170555, 1.5242137858153457, 1.4485333860301606, 1.4524551556657648, 1.3764366951825864, 1.3678373744725572, 1.349276915992922, 1.3219526769388514, 1.287490540148352, 1.2330968432852527, 1.1908968539093918, 1.167474808209502, 1.1565201259206246, 1.1500647042394447, 1.1428596557253767, 1.159832865592864, 1.1550607847792984, 1.1544475330044623, 1.1255501813119482, 1.1490389542306398, 1.153527592601793, 1.148484445570032, 1.1618390437120292, 1.1589960228756566, 1.1431057850503936, 1.1829901027166858, 1.195893072275459, 1.1959848153926527, 1.1805038505884082, 1.2119569537203636, 1.2351428063972223, 1.2528651499611032, 1.2686110986277574, 1.268308813414534, 1.2850983566640284, 1.3199297731737498, 1.3205478205667127, 1.324418874805236, 1.3698718196157451, 1.3880383533370846, 1.3706426428931067, 1.4053009074881597, 1.4274459940374202, 1.4170245453953514, 1.438994858099524, 1.4525999919132655, 1.4544465098282338, 1.5223714992823199, 1.4862588309513791, 1.5177130010026647, 1.5012292406138252, 1.5310898839455584, 1.5633743614091744, 1.586422643936275, 1.597569772892672, 1.604424921533717, 1.6309936734635735, 1.6073510132091657, 1.6261591950569616, 1.6328509113158258, 1.6673378209438166, 1.6753211639764365, 1.6804967127035342, 1.701571301597616, 1.7105073393048609, 1.6921336571626422, 1.7263124351820829, 1.7275398784052685, 1.7419515504404102, 1.756430123239527, 1.7742393069788622, 1.816151948455159, 1.762825710255929, 1.8441175957832037, 1.823121929450718, 1.8327394786964901, 1.7896594115821145, 1.8612600401653658, 1.8660431650021803, 1.864845024350354, 1.8694772229236944, 1.886130024252645, 1.905502290857951, 1.9390104365013445, 1.9110956017852134, 1.9506676629223787, 1.9019284635815588, 1.9764747434412426, 1.9437730547869603, 1.990943311920861, 1.9583867813467675, 2.0088380653878004, 2.0044134950165247, 2.02508941807253, 1.9592214884889094], "fid_epochs": [10, 20, 30, 40, 50, 60, 70, 80, 90, 100], "fid_values": [85.17935151574045, 61.63648502059402, 55.129367152807106, 49.45346217689098, 47.09158291533805, 45.19840702072298, 44.1527708149635, 43.58071468412959, 43.76219743426071, 43.55869084661646]}