{"D": [0.00944955870685981, 0.0011889818691813588, 0.00115370192352087, 0.0032973908660844957, 0.0018087252110605351, 0.004137196348570405, 0.0029003149925589658, 0.002087686741555145, 0.0017286060360272096, 0.002572562847628341, 0.002694304640879383, 0.003092670284176269, 0.004644859906380312, 0.017516839104303735, 0.007848784197829192, 0.008114204532761552, 0.006008010139523805, 0.007228265672662779, 0.004901834635750709, 0.009332752096926487, 0.005177790941552648, 0.006186789614914716, 0.07876657751754304, 0.017671956300523272, 0.014286089643962751, 0.022959196067686323, 0.014637693450373562, 0.01662420479675071, 0.015930801052364368, 0.014550617760448139, 0.01199457005161462, 0.009646188777199463, 0.14632897157092356, 0.0237491114737018, 0.024176719698677712, 0.02361326008339566, 0.020848312786532732, 0.01739808034646926, 0.0175332598612184, 0.017122190595969936, 0.023299553488304578, 0.01327509470902902, 0.011221078064593286, 0.05054557541366136, 0.019938811718757395, 0.017064711836437825, 0.016219329224498587, 0.01616990996253547, 0.014405780144719571, 0.015530506950579111, 0.013095562741207548, 0.01403331837050994, 0.11119798243876924, 0.01886416496038496, 0.02477774483776545, 0.02168340008422921, 0.019371868346971046, 0.020061226626504447, 0.01824761068012235, 0.018188428702540223, 0.020353908285121375, 0.016851367028076436, 0.09340293325934725, 0.02898654737215065, 0.029003635812197115, 0.022473818775048313, 0.022905689846912894, 0.024583528684805844, 0.022533207501084368, 0.02926996256566689, 0.02158429150033412, 0.02039086809957587, 0.0399077284986837, 0.02681982063148996, 0.04871898906856563, 0.024046635084278598, 0.02062223900604663, 0.02432679868880895, 0.02217471222923715, 0.022214872812479438, 0.06885254311764354, 0.030911068443821955, 0.02569935699376643, 0.022162143138084043, 0.02278422633822583, 0.021844571972077217, 0.021391716819622, 0.11286605498053523, 0.04398230478591934, 0.04208388952892038, 0.035214544786729765, 0.03170775820182849, 0.029370093648911372, 0.028142915631915573, 0.03502138465336418, 0.02583959846185591, 0.02327041091586027, 0.025966788706947352, 0.02623788697668646, 0.02206398876784723], "G": [6.176270557355277, 7.668223863915552, 8.010090538218051, 7.163286927380139, 7.987896563131598, 7.330334971222697, 7.0707158800921865, 7.463825702667236, 7.9807812111287175, 7.170186628269244, 7.701423789881453, 7.2652790818033335, 6.662294345565989, 7.326937011525601, 5.983552860308297, 5.9243369826787635, 6.834928216813486, 6.170239575301545, 6.864541922943501, 6.782940816275681, 6.545844180674493, 6.410638555695739, 6.5254361357869985, 4.987559324578394, 5.197980041745343, 5.599416835398614, 5.093579883816876, 5.03510083427912, 5.19977091837533, 5.167727633367611, 5.632394531105138, 5.701111491722397, 5.295271466049967, 5.002191199532038, 4.786269378058518, 4.58675606039506, 4.699812635590758, 4.935077800026423, 4.948124982133696, 5.0776760276359845, 5.144410733935199, 5.131423289262796, 5.596083067640474, 5.824815197835995, 4.7581069077117535, 4.98190980621531, 4.870262318019625, 5.262082766882981, 5.1582308419143095, 5.1203881788857375, 5.136332783517958, 5.222512565081632, 5.826847447624689, 5.825857108152365, 4.675790901425518, 4.655380185646347, 4.737651499011848, 4.744362939762164, 4.891403361211849, 4.874206989626341, 4.898817759525927, 4.861131646965124, 5.376055898545664, 5.28729244425327, 4.580209025853796, 4.607009975216057, 4.627921339831775, 4.489357272280922, 4.622052099131331, 5.123380896411365, 4.926071329961849, 4.989957184731206, 5.535298809220519, 4.581814361523978, 4.772839718227145, 4.569303805315042, 4.656085515324073, 4.780851285668868, 4.624495346334916, 4.697263904764682, 5.2703967818730995, 4.497788036925884, 4.505282863785949, 4.631662984437581, 4.58467237557037, 4.60318922091134, 4.72726888596257, 5.548039080221442, 4.468179035790359, 4.006534772583201, 4.052072675922249, 4.124435732636271, 4.2847874255119995, 4.353750186630442, 4.699001158340068, 4.437674069706397, 4.488025870504258, 4.419187280196178, 4.553484515298771, 4.7673333083527], "fid_epochs": [10, 20, 30, 40, 50, 60, 70, 80, 90, 100], "fid_values": [253.21784089210877, 155.95684831432453, 118.8647726264004, 104.71714926335278, 88.2624391230517, 73.2725327008684, 80.9076390925768, 74.6258301172279, 68.33607952005093, 63.6781948025091]}