{"D": [1.1136951399610397, 0.06877002227813639, 0.017479040774893255, 0.0005860033504506375, -0.001575478768729149, -0.008182853920028564, -0.010625487137982186, -0.004228485296381281, -0.005556988644790142, -0.006245377128745647, -0.013083988800644875, -0.01395103485977396, -0.011212121283120297, -0.012427313538624885, -0.013449489182614266, -0.007016230842217486, -0.008503224300418763, -0.011750914731082763, -0.010988304042752754, -0.011653941306979098, -0.016460103442535755, -0.016172793139010034, -0.01614314439369643, -0.018503011731391256, -0.020013493648234834, -0.0225940198578099, -0.02287684794753156, -0.027645781707573445, -0.03118571239583036, -0.04455597888916097, -0.04072035636673582, -0.05888396239978202, -0.06895280894129835, -0.09417657370262958, -0.11280317344564073, -0.0962838443035775, -0.09086986991002205, -0.07622118216562779, -0.0764019323473281, -0.06758960090736126, -0.06543279875149118, -0.06781329420652796, -0.0699820450962858, -0.057859749172596224, -0.05885431861623805, -0.06093972036813168, -0.054547361902734064, -0.05614649891219241, -0.054247526808622035, -0.05516208743161344, -0.04872459561583844, -0.05145379060760458, -0.05034434552839462, -0.04779219758954454, -0.04805284565750589, -0.04734024983295735, -0.04549665279844974, -0.043608492969515474, -0.04902308292369893, -0.048016368550188995, -0.04491867551461179, -0.04764680583426293, -0.046810950893670954, -0.047366173993399804, -0.046040157228708266, -0.04487699172756773, -0.04574731247539216, -0.04369654724414044, -0.047462357945264655, -0.04252049716070611, -0.04225860298313993, -0.042259291599088526, -0.03897367501036918, -0.037352976591346114, -0.038485906138382056, -0.03602972375427155, -0.037329270746162595, -0.03398255819969989, -0.032204138519282034, -0.03354836137212337, -0.033157588303723236, -0.03014914609016256, -0.03108370842293222, -0.030117184224914998, -0.029393921253529, -0.02945153715604163, -0.02988622896373272, -0.028983802823944294, -0.027752193166537487, -0.027899207190630285, -0.02876559240703887, -0.027871264263670495, -0.0280711940469894, -0.0268353818737446, -0.027884792893173846, -0.02584063600193947, -0.02437155306180741, -0.024687227757370218, -0.024513926008280288, -0.024974840205717594], "G": [1.2474960156221022, -0.1137800172763936, -0.0303897726210825, -0.08541085044952466, -0.1462982493195128, -0.24254827385649402, -0.2776533475898682, -0.25725441963431683, -0.15536838703729372, 0.004558484644648877, 0.08893186769428406, 0.0936708880628043, 0.0603527518712539, 0.10648984034407012, 0.10896378042612304, 0.09424796855830132, 0.06504595646476174, 0.09848355839940462, 0.07514212385335184, 0.06890632181250035, 0.060523919079532015, 0.09945918402059915, 0.12150773049748324, 0.1339682622753242, 0.13355990548400168, 0.1460012961496064, 0.12489903704362347, 0.1421099945090394, 0.21401040560783857, 0.2935704319718036, 0.270017708148411, 0.28451898059946423, 0.41045787674473955, 0.4652140548571627, 0.457643398325494, 0.4275930494228576, 0.4077566298557089, 0.4399171137429298, 0.4867579518480504, 0.42112580087590723, 0.41569807975691686, 0.48807002109415987, 0.512198198729373, 0.5603580320769168, 0.612720310434382, 0.5541371207287971, 0.6279428418646468, 0.626260219355847, 0.5887234884373685, 0.6257022117680692, 0.7074942002905176, 0.6741146815584061, 0.6280976360148572, 0.5506888621665061, 0.5909118957976077, 0.5386591025489442, 0.5910793582175641, 0.5663012498870809, 0.6123877612834281, 0.643822870229153, 0.669886450691426, 0.6526609356098987, 0.6379431855171285, 0.6492896181471804, 0.5736914488863438, 0.6110469241091545, 0.6269908374928413, 0.5479369143856333, 0.5472969562449354, 0.5546181792908527, 0.4352833132160471, 0.4122704085993006, 0.4339831009190133, 0.407170369904092, 0.4155299281186246, 0.39845794762702696, 0.386344217810225, 0.3516669418583525, 0.32506759173058447, 0.3150835650556899, 0.3704678138836901, 0.3107445869416474, 0.375279422120211, 0.30097699038525844, 0.31655733182709267, 0.3462996577328824, 0.3163161660128451, 0.34231907344878987, 0.4214843138735345, 0.3762129677737013, 0.44301627576351166, 0.44316326379776, 0.44508826390225836, 0.43739846811649646, 0.46444053028492216, 0.4195220985945235, 0.39386282430050223, 0.3851629872271355, 0.43310480225593484, 0.4849181627973597], "fid_epochs": [10, 20, 30, 40, 50, 60, 70, 80, 90, 100], "fid_values": [310.515533689404, 275.81588530291447, 263.00282265393423, 170.1790964074854, 124.63939492662485, 103.78109553457568, 100.93661485051888, 83.73798104443904, 78.021900993641, 79.27364496984018]}