{"D": [0.1948116568589135, 0.378976090587204, 0.5244685255839855, 0.4092549240287346, 0.4016870048038567, 0.3208429159808762, 0.2744352488861054, 0.48865274707727796, 0.4190900569097905, 0.3955457585899136, 0.37984271272073816, 0.38188737140426154, 0.418373854288572, 0.3578313465548467, 0.4368435340591624, 0.4691216906037512, 0.4944692059785505, 0.46879864955627465, 0.5227776641332651, 0.4895823943086817, 0.5982404935963547, 0.5303472157897828, 0.6441268392756015, 0.6021760945455937, 0.6292719343040563, 0.5597475793542741, 0.6284120416716684, 0.5664357271375535, 0.5697521143887616, 0.5228182273575023, 0.5724708832140211, 0.5449132885359511, 0.5207150022063074, 0.5076170368473741, 0.5422337324936178, 0.5252695621191701, 0.4983064600183994, 0.5371170811638047, 0.5768109561899041, 0.5118011720950091, 0.5621503180340875, 0.5402325005093708, 0.6103585435997082, 0.5399065734464911, 0.547341027025935, 0.4930234013856212, 0.5220579750175718, 0.5110334608751007, 0.5599051336698895, 0.5053998152666455, 0.49281762540340424, 0.5296233628369584, 0.4735675173092492, 0.5583533105216448, 0.5524680325879326, 0.568128826308854, 0.541149956704695, 0.49535865893092335, 0.567483948190001, 0.5173260490351086, 0.5171082065075259, 0.5220522833398625, 0.5894363324476194, 0.4686908862447437, 0.46177511671675914, 0.5324406133422369, 0.5300478612697577, 0.5039406543291067, 0.47375949594793443, 0.5412779933289636, 0.44439207309786277, 0.5123589791451828, 0.4699544872664198, 0.4810049912974804, 0.5025089862225931, 0.4597167001117634, 0.5283847692646558, 0.46429830261423616, 0.4773127613942834, 0.4686556751780872, 0.49415302578407, 0.4545103000311912, 0.5062682572988015, 0.4997031030398381, 0.42574094726315026, 0.40612162593044815, 0.5484628547218782, 0.40967467653600476, 0.5323356070284602, 0.4074373796959467, 0.512015889905676, 0.37102279835675334, 0.47303771755740615, 0.3658027369764787, 0.4329838329289533, 0.40775928325668165, 0.3942469771527037, 0.4535265064597884, 0.3753030512340461, 0.5289679965640925], "G": [4.692015127290653, 3.392623297775848, 2.6101821789258643, 2.861349668683885, 2.8711704415611075, 2.8459328899655163, 2.383367699912832, 2.17830089904085, 1.8526140074186688, 1.8975851158552532, 1.9984134337570094, 1.9622026945971236, 1.7809303291613543, 1.732138787643819, 1.847490645284894, 1.9233918378624735, 1.6939654546447946, 1.6163564218750484, 1.5717433996592896, 1.6113418785831597, 1.4721427337278294, 1.4439737279958362, 1.4100925809220424, 1.4501302042339421, 1.5596574978737892, 1.4306100078775912, 1.3767389358033109, 1.4545100478431847, 1.5026200304302988, 1.4818442288456084, 1.484981981259358, 1.4506377468380747, 1.4543140004330044, 1.4483198908310901, 1.4518405382014528, 1.4351760133912292, 1.5019770909713794, 1.4892491826528236, 1.3813865479977825, 1.3949463235426554, 1.483162500341482, 1.3896381503230408, 1.3890229205164728, 1.3738580404580394, 1.3840756419150135, 1.3941520576990103, 1.343242585659027, 1.4361653712731373, 1.4593348789818679, 1.4544616024705428, 1.4422804660434965, 1.422098853637146, 1.3845438088608693, 1.3390528035314777, 1.3238329167796086, 1.368493090419075, 1.3335822187835658, 1.377264927082424, 1.3641978351375725, 1.3601088901109333, 1.3768307376134246, 1.4143824516029297, 1.3274257694241367, 1.391210258950161, 1.3995694917968557, 1.4062937158572524, 1.3572949865196324, 1.3673691715620742, 1.415239060226875, 1.3540977843200104, 1.4127999936478048, 1.351894715164281, 1.367236604041691, 1.3707080374035654, 1.4075526216927963, 1.4011416077802452, 1.4055454104761533, 1.3867324276626865, 1.3690062127535856, 1.4004966133757482, 1.3894129221952414, 1.3671965936693964, 1.4084674282164513, 1.3582777443188656, 1.3930729537070552, 1.3947808429410187, 1.3569786090262328, 1.413791691389265, 1.4276489453225196, 1.4120639730480653, 1.3928343615954435, 1.424260926397541, 1.4257560930674589, 1.4259433839705926, 1.414890638446506, 1.460106257207786, 1.4238677512429938, 1.469644221323955, 1.4709868072708951, 1.3836234524091588], "fid_epochs": [10, 20, 30, 40, 50, 60, 70, 80, 90, 100], "fid_values": [153.41650983351462, 108.88990185953071, 87.99591584401043, 80.98606512580227, 73.99266383064418, 67.7899492292375, 64.40796338791085, 64.8716103859926, 60.20446726919022, 58.36659532693085]}