{"D": [0.003475292290229966, 0.0038430950871747357, 0.0072862028919235995, 0.006831250989677437, 0.049563585921390756, 0.02623697690120267, 0.018620934526738533, 0.02208481806114821, 0.019497616016460807, 0.015213378348394924, 0.014120435243046098, 0.01205800790527283, 0.04067752772466997, 0.018583248449189356, 0.028535538921406603, 0.03147391391837079, 0.023359957412528373, 0.030492682628038212, 0.02021259650507051, 0.05621341061647362, 0.03685434250389714, 0.026648989919682637, 0.029176648775272814, 0.025650930185707004, 0.020016010456463642, 0.09001065409787552, 0.08936570911570584, 0.0515761919405378, 0.03161157190810432, 0.041776959511601486, 0.07144497980809082, 0.03549627734311259, 0.026826424880281967, 0.060068576709817516, 0.03805152890379624, 0.032720165994718595, 0.022597269248872367, 0.018805197762239656, 0.15234006961564656, 0.0916586789228689, 0.04570580261480778, 0.03077713840151601, 0.024034784746515894, 0.018707563502170965, 0.12664554131638897, 0.19268880189036774, 0.11143351846453174, 0.05216114370204756, 0.03628812993154921, 0.03213527733031327, 0.045108908133538406, 0.02445529938301505, 0.019296617107227673, 0.015750604620336763, 0.22339178432765253, 0.11323478567363966, 0.04972909918755217, 0.03137085877497064, 0.024494548209125885, 0.021039940242041047, 0.014987908835050023, 0.03658410918552314, 0.19720759724393067, 0.08140084678140443, 0.04066851312566139, 0.025505676722961484, 0.019300767199119644, 0.014694934405083947, 0.011430365769454585, 0.07981326957971639, 0.22387178429900229, 0.09487975871814486, 0.047009252533411885, 0.027629856472773016, 0.019309270085500138, 0.08337261516909303, 0.0470484905599919, 0.024986759551069545, 0.017431665997942696, 0.01404676945252425, 0.011599356742085093, 0.09686190411320451, 0.06940034443460157, 0.028800204591563596, 0.01901534851521368, 0.014389300896950504, 0.01124438493842464, 0.009231044331302299, 0.007728495455556609, 0.2669841964524287, 0.15440675259455847, 0.05028713566710806, 0.027113971868506098, 0.018302583632885915, 0.01368741270171388, 0.010764574507594375, 0.15438062407146624, 0.07889260404774219, 0.02827972973115704, 0.01825525911996508], "G": [7.241796381333295, 7.074159414871879, 6.4816267020867, 6.492706220778053, 5.597397777430542, 5.4033974954844135, 5.021219689522863, 5.3871941109142645, 5.009029385988669, 5.383502864471787, 5.424823801840662, 5.553098122482105, 5.612394071296048, 4.86824909622407, 5.604346785703888, 4.3166622749679835, 4.7065839249154795, 4.904333518899006, 4.872020488504863, 4.9084540236636505, 4.108402947330719, 4.548083404750775, 5.093252841164084, 4.722240718734234, 4.832144581753274, 4.988255090420814, 3.52239591081429, 3.833312176072689, 4.305039132647502, 4.822862912321944, 3.8667646838575984, 4.123943350199238, 4.48590404359276, 4.6756600681168345, 4.109021896596455, 4.4701092718812205, 4.63604135525501, 5.0160833088028465, 4.280146032952897, 3.4000598329412357, 3.908408777183279, 4.282134123165589, 4.5830594560374385, 4.8673791068289285, 4.958910557924939, 3.0942292719545876, 3.2082726781630453, 3.818360926854946, 4.149568171757261, 4.537383148432387, 4.550687220395374, 4.575066264023256, 4.8080546709582626, 5.120243113973866, 3.9724991126438542, 3.3226289874147574, 3.856549052631154, 4.295102806652293, 4.594311872711572, 4.826104462908967, 5.08980625608693, 5.407166150524793, 3.6295041708690126, 3.5629708949867114, 4.0867998453662215, 4.5233450893246, 4.797924406388226, 5.123355041684397, 5.4306982575779985, 5.601493542761449, 3.219123976309891, 3.433575111276963, 3.970305424517073, 4.457909157209079, 4.801419272142298, 4.7414924452067035, 4.214206146767072, 4.574721236972858, 4.936875643327718, 5.205892668355761, 5.372207433061527, 5.202132267110488, 3.963393227828433, 4.5189751322617004, 4.867268374508909, 5.163424363831425, 5.423973070691003, 5.638307848244982, 5.839414533141934, 4.732623353028846, 3.3555035658199768, 4.038856661838034, 4.572219610214233, 4.9177608502185555, 5.2187093907914806, 5.509177454292317, 4.884354368195204, 3.90708087899191, 4.592993231380687, 4.937476085579914], "fid_epochs": [10, 20, 30, 40, 50, 60, 70, 80, 90, 100], "fid_values": [85.88441714613282, 61.13572876315959, 69.80906611531645, 49.178762117593465, 49.99899462583977, 47.671945398861, 54.53632410194291, 44.76087492890258, 49.07925613468916, 43.341191728576575]}