{"D": [0.21380411646467573, 0.16681983017540994, 0.11133950446395481, 0.0840196874230466, 0.13849957871270624, 0.0724021802735614, 0.035144724831619165, 0.10490173510018182, 0.09076708254622336, 0.04883166955030979, 0.019563073151685456, 0.10327782822138769, 0.09666876157032366, 0.004902613917960132, 0.09271080085532145, 0.01920584485212222, 0.01843892753599806, 0.05007066115578438, 0.023547149883543558, 0.04748698421060405, 0.08082508607470291, 0.012278325225603072, 0.07103853849297825, 0.056304855860690485, 0.06846983104429029, 0.047491543767775625, 0.07165731206298509, 0.07250924554673281, 0.027020919590475076, 0.03677774760277664, 0.0909854048744161, 0.04128165458269576, 0.08899559590054003, 0.047043635127471485, 0.04439847811145034, 0.06897618620993293, 0.08101913414578489, 0.043039626939943, 0.06045112035613745, 0.11829194735260086, 0.044930834594638425, 0.05478151290221734, 0.05895980527386704, 0.06462601123060635, 0.06499676959628754, 0.07442748288207866, 0.08037421815097331, 0.02730661181019659, 0.08511728409955159, 0.07027005470020974, 0.04875207099706886, 0.04047612430963744, 0.05674815850054964, 0.08878775160125596, 0.07864755670876897, 0.0325599437282282, 0.08419758074897084, 0.06231393280260741, 0.07548893742025532, 0.08085460868327224, 0.04569019462635859, 0.05816772931275216, 0.07005213162802318, 0.07139013653938124, 0.08442967909566583, 0.06560441551016684, 0.046076982145376026, 0.10019904642583842, 0.03832778022327322, 0.08127319990518563, 0.05326176556025414, 0.06044609805252007, 0.06048025575446639, 0.07275978934535003, 0.07601795506049344, 0.08755394315267814, 0.07101103254653354, 0.03470230667673527, 0.07901739535972159, 0.05953567021110273, 0.09545796767590528, 0.04806493347946634, 0.0701774668503315, 0.08337487889889707, 0.03088164930330946, 0.068040432618495, 0.04928825500203257, 0.08371706084605861, 0.05832163766026497, 0.04869577621327753, 0.042789293998020124, 0.0635361339560056, 0.054236921402526665, 0.06955357400423035, 0.0616999585993905, 0.042586684997807794, 0.08276707824081816, 0.04870015294984617, 0.05081514303988599, 0.04943554377421103], "G": [46.7332512064183, 45.86949860593106, 46.38241263856279, 46.60272348282185, 47.19358275393222, 47.63371255752888, 47.69992664418322, 48.66949545677672, 48.69445159587454, 49.19210047620408, 49.1597449769365, 49.686993375737615, 49.96586902699572, 50.04289597856238, 50.656725895658454, 49.85508047874938, 48.86809874189661, 49.62315180352394, 50.408104575948514, 50.56709825231674, 50.54981564460917, 50.18455459919382, 51.056354506472324, 51.341952352320895, 51.04853332194876, 50.94825030387716, 51.21372346269323, 51.2575713786673, 51.02518596243351, 51.56620689554418, 51.58545210818027, 51.518206365057765, 51.90470527486598, 51.515337306895155, 52.0331212469872, 52.201883843604556, 52.18405912683365, 52.12567378916639, 52.45107498168945, 52.343145037711935, 52.22605930084878, 52.52169666696102, 52.39077990917449, 52.519785016648314, 52.8318738572141, 52.45733041966215, 52.626169196595534, 52.49439874202647, 52.579406446091674, 53.246334124625996, 53.00831964371052, 52.90697159462787, 53.23448830462517, 53.23201790667595, 53.12519636762903, 52.9557793799867, 52.896167316842586, 53.14551967864341, 52.86482917298662, 53.5294288959909, 52.97460565769926, 53.520031786979516, 53.4786102619577, 53.49612808227539, 53.66588305209545, 53.2568064425854, 53.578907921973695, 53.79776362966984, 53.903597227055975, 53.93191633833216, 53.71350053827813, 53.922090343718835, 54.295994908758935, 53.786305837428316, 53.88865491177173, 53.71239192232173, 53.35167898624501, 53.73743367296584, 53.81174376467441, 53.85359722705598, 54.0514069902136, 53.91536186705245, 53.86015590911216, 53.87190990042179, 53.7935210694658, 54.09953222071871, 53.94383794906292, 54.25948007461872, 53.73691638378387, 54.3651446078686, 54.13521618132896, 54.272448681770484, 54.32648115766809, 54.72338862317674, 54.31516488257875, 54.153677887612204, 54.59841258272212, 53.86848516261324, 54.675833876589515, 54.49036823029214], "fid_epochs": [10, 20, 30, 40, 50, 60, 70, 80, 90, 100], "fid_values": [236.029366086447, 317.8512624462587, 246.58726347525578, 265.78126974331997, 242.17951777975986, 219.18640631826366, 207.04051847754246, 182.07470457805323, 174.55394621291975, 165.87350390743643]}