{"D": [-7.0491022392916864, -5.146643092260336, -5.236075825398536, -4.96679649359125, -4.528885580847025, -4.28896175046711, -4.150269681840297, -3.7997529960959158, -3.7066661598127517, -3.4261387246648978, -3.5470278351508138, -3.023167467178286, -3.18087345498907, -3.008099964055259, -2.624093731346033, -3.1737965491726574, -3.0021634498215697, -2.7311923898699337, -2.880729934138715, -2.9388801269519056, -2.851690434891245, -2.596640447292791, -2.426761508597742, -2.758117914809595, -2.7281600547873457, -2.6413911666406693, -2.104555497617673, -2.2930253730405625, -2.3293778038085877, -2.2285743121753265, -2.3626185297356237, -1.875784743243776, -2.2078936367541018, -2.3482303320599334, -1.7774136928493713, -1.623751931025854, -2.1863786416590365, -2.0519055682984764, -2.369270104124113, -1.9853048409952228, -1.9526961826912277, -2.1582588612880853, -1.690229536855922, -1.8845915260827144, -1.746984244155152, -1.6835273189084303, -2.09201657162298, -2.063332496472942, -1.799285113811493, -1.9770074290082889, -2.173616805802221, -2.0977853570142977, -2.185436983547552, -1.8575345645170382, -1.9001598940481006, -1.9048143354675653, -2.044735560636691, -1.6851558038950576, -1.7642208017656564, -1.9543656211374971, -1.8710348343147951, -1.3660892247391478, -1.843131264914637, -1.9317258415014849, -1.8801450908488935, -1.9090865117966975, -1.6817367925973195, -1.9190489756481728, -1.8096834768724563, -1.7563087781676856, -1.9657361268082543, -1.7335667689056957, -1.8569512999880955, -1.5669494834549897, -1.916518106180079, -1.8151956630484831, -1.7293455673910467, -1.9847515936169173, -1.7519488593806392, -1.7998200168694987, -1.6505836154646276, -1.6016045827847307, -1.7533122737084508, -1.7708867709045215, -1.748620457127881, -1.7814230769491561, -1.863954312965998, -1.6083619832763891, -1.6688774279163927, -1.5360504093072604, -1.893270251696067, -1.783548593597339, -1.7090423286266034, -1.747168174637553, -1.9778988939874314, -1.8983850321348976, -1.8196009649035265, -1.7679020031486326, -1.7205311054616328, -1.6142412193900788], "G": [8.289273219340293, 11.096920164649749, 12.78838593514679, 13.332096999868408, 15.506605794667587, 17.118744184294016, 17.777693643594336, 18.480116068554658, 18.525473599543655, 19.329141053397333, 19.890488197736424, 20.91942201794871, 21.492888175008243, 21.63745203530392, 23.306433084980608, 22.737591267851613, 23.117178748635684, 24.257726869314833, 25.085495824399203, 25.313390517173826, 25.751608519298035, 26.35411156168984, 27.7917381735409, 27.39793876004036, 28.00646507770509, 28.251943763869498, 28.318872476172874, 28.875054035040424, 28.634781483798992, 28.617787319680918, 29.048097478764138, 29.409119998707492, 29.64081632999508, 29.34164608226103, 30.11336484162704, 29.736954613414873, 28.887921569902268, 28.721342359967245, 28.594119147571455, 28.682615504545325, 28.338314066152744, 27.825001801981035, 27.85487262306311, 27.364088409697004, 28.13415845885606, 27.839092220491764, 27.58158640361503, 27.393055313383528, 27.851086945789856, 27.560851055642832, 27.486855172745102, 27.300761537478706, 27.342626054573547, 27.056577204438426, 27.69056499705595, 26.98193116931964, 27.014505937581173, 26.99680885939342, 27.51300879085765, 27.16187961510075, 26.824808447562216, 27.485995392665227, 26.38553858413111, 26.179708622300716, 26.19691952171228, 26.47906611215733, 26.866083998814265, 26.98074268623996, 26.58081733723126, 26.339358000499207, 26.407007710098306, 26.543032760815244, 26.524616212186302, 26.224456226124484, 26.413907038891104, 26.781366626319983, 27.018502876886625, 27.15370625059318, 27.372534544571586, 27.371404111232906, 27.814887688287993, 27.268302371129966, 27.34117298662815, 27.111948788928252, 26.95593524162117, 26.983297201678575, 27.22748748115871, 27.998567703129996, 27.418658444338746, 27.656337469739988, 27.393012580969145, 27.555997868023262, 27.886796258599556, 27.710584133177463, 27.565639759268603, 27.62675096067931, 28.222504174312974, 27.943599227749175, 28.530591345199234, 28.477192520180626], "fid_epochs": [10, 20, 30, 40, 50, 60, 70, 80, 90, 100], "fid_values": [89.32524917710839, 70.84442238021825, 61.02388816475457, 60.64838518742107, 55.90952703556036, 53.22470658024196, 51.51351783963821, 50.000153146492664, 50.95399977081843, 49.56109944388902]}