{"D": [0.19272596006505663, 0.290467858880381, 0.17027235216803, 0.4724007424768768, 0.3681987534878375, 0.26358204962143417, 0.2955687266031775, 0.2629485822553876, 0.20266516615129723, 0.28800623642304274, 0.23316661504250538, 0.3093262405335149, 0.4035199929641772, 0.3696561078010481, 0.2724200382923024, 0.33350131679562073, 0.24854460948064358, 0.2515612476611439, 0.16374102543709398, 0.2959933630367623, 0.3339452929323233, 0.42442124667046943, 0.40032588737674907, 0.39175069822540765, 0.4328110710352282, 0.3920982719599446, 0.4329549709830103, 0.4339227423637728, 0.4569252421018444, 0.46938898008835467, 0.44681103338923633, 0.5225458946786349, 0.482336407032194, 0.5405971816257585, 0.42687161493150494, 0.4884480134218554, 0.4579769094250625, 0.4404775267820569, 0.4214480666420128, 0.4595962797727766, 0.3912045330375056, 0.4196947131164466, 0.3266105289229109, 0.40758261678716806, 0.45510640721532364, 0.5350413581804384, 0.4027326297533663, 0.48803478394505345, 0.4290596720161317, 0.4846930219968663, 0.3929468919582005, 0.4512112226950217, 0.3856713487000405, 0.4855196670735184, 0.3775930140591875, 0.45274377001237265, 0.4855107661289505, 0.4046888916364199, 0.344309678984971, 0.43391150264423106, 0.4528109823601155, 0.43428947616227065, 0.3816863873714133, 0.4515953879756264, 0.4395251437267171, 0.4020992257172548, 0.4037943778535988, 0.4830338456962682, 0.4363081275567978, 0.44428049461751046, 0.5354756045190594, 0.4416911498278002, 0.43482989044506337, 0.49264616170261477, 0.46341984351224536, 0.4431385932655274, 0.4318605336961867, 0.5326449205226536, 0.4290057782885395, 0.43521603508086143, 0.5103322095886061, 0.40496625142950043, 0.45187682252895983, 0.49560269732264023, 0.4809116200555729, 0.4375546239788019, 0.42107588203647467, 0.4965212008432497, 0.42925804419608055, 0.4245735369151152, 0.431075845809677, 0.37728406498326533, 0.4085631524271603, 0.43226512285727486, 0.4275134447254712, 0.3829173864443091, 0.4676315569424931, 0.39299400688349445, 0.43047827350187906, 0.428576236378543], "G": [4.609354948695702, 2.7428377534769757, 3.3865769633763954, 2.0981873394567754, 2.720083570178551, 2.7510998822465726, 2.7458487334130686, 2.5224805662903607, 2.3335069765018512, 2.291186014308205, 2.384786545475827, 2.1457871062846126, 2.0463139942929716, 1.8979457020759583, 1.9875562870049779, 1.939628333230562, 1.9141693726370606, 1.9471011216504663, 2.082467011258572, 2.0001022691685186, 2.0100915492335454, 1.8383191442942317, 1.5951017995801153, 1.6682065955445737, 1.5013675363380699, 1.5741871991489507, 1.5997322892086416, 1.5556746404382247, 1.5751436945003798, 1.4755412813606141, 1.5003893379169175, 1.4566389564660531, 1.5534609641078152, 1.4497240498850616, 1.4727529264703583, 1.5450909743203391, 1.4769732443780839, 1.5603944057527976, 1.5906384909832025, 1.5421454163291786, 1.571413380058506, 1.59101218626469, 1.5989101442355145, 1.602541769229913, 1.4923818641448323, 1.5026261708168667, 1.5082179717247999, 1.4261850676959074, 1.3458052359851478, 1.444680104904537, 1.4971141996262949, 1.6002750622603712, 1.4958584040780611, 1.4862543263154318, 1.4984333903729161, 1.3924704758049566, 1.442103813390566, 1.4837022286049928, 1.5692418576041354, 1.4530599453026736, 1.4621176144367531, 1.4941074621828296, 1.4782409228950362, 1.4012202139519438, 1.3960069700886932, 1.4927049731906457, 1.4498209992918787, 1.3186447070086305, 1.4178195942806293, 1.3829417991675907, 1.356028104224537, 1.2853290710268142, 1.3534878107565869, 1.3519431837846208, 1.308872576378569, 1.3206729270234894, 1.3795314378376249, 1.310536867455591, 1.4357127607151676, 1.3334289394979235, 1.3008896619835986, 1.369266310447379, 1.3086515769268139, 1.2996851919289631, 1.3253847830280472, 1.3279409939541091, 1.335184639390511, 1.298434522144402, 1.3689512698144852, 1.36112375010418, 1.3394640044462454, 1.3095130079154726, 1.3455930037211767, 1.3344318632838092, 1.3266677339620228, 1.344674575743796, 1.3298205877831089, 1.3867738716587235, 1.3930759791143332, 1.288242589635185], "fid_epochs": [10, 20, 30, 40, 50, 60, 70, 80, 90, 100], "fid_values": [233.12293966237775, 130.7892207573093, 108.75131307507161, 88.30773651485151, 79.25342206815264, 70.6403412094669, 64.8304631928213, 60.86103106976839, 59.3878179190653, 59.08027787701678]}