{"D": [-9.0431356339515, -6.7462513356269165, -6.870463033265706, -5.373907318598108, -5.156871252422091, -5.267348204986958, -5.363700281215619, -5.316647976259642, -5.403845400749883, -5.536527120614354, -5.511831579329092, -5.506793514082704, -5.702476338495182, -5.630426132226292, -5.64891632297371, -5.650081127504759, -5.310153113135809, -5.18512154832671, -4.825046523462368, -5.160763819006425, -4.978555661213549, -4.958324501786051, -4.732213368898706, -4.582103605511822, -4.361403984359548, -4.246919306018684, -2.7187892138203487, -3.365728770630269, -4.1691296613669095, -4.578607357001003, -4.51201935659481, -4.410552586181255, -4.522503170786025, -2.834363997737064, -3.897305385975898, -4.243280137641521, -4.155824824224545, -4.389238921901848, -4.410031213036066, -4.026292923130566, -4.313942497289633, -4.716492492941361, -3.8979660272598267, -3.7323836178719243, -3.705920649480216, -3.937690193140054, -3.4852516907679885, -3.8714641257177425, -2.418618081491205, -3.0652637421330318, -3.3928394589243056, -3.954866007913517, -3.129855133310149, -3.9464828394636324, -3.820270355743698, -3.4565842755233187, -3.6700976257082782, -4.038295591933818, -4.226511499549769, -3.44485993174058, -4.351961576485936, -3.1779504833342154, -3.7504937346977525, -2.9205447767354267, -2.6733119502852234, -2.978995149648642, -3.3605967956253244, -3.3445392017123066, -3.6258516356914856, -2.779875917525231, -3.056230673307105, -3.8019861963730825, -3.419322812104527, -3.8831916066664682, -3.989875879468797, -3.429490253895144, -3.8706928959375695, -1.4934170476243467, -1.8163059934785095, -2.2180936608133437, -2.4898219108581543, -2.667785925201223, -2.884622525565232, -3.181193707864496, -3.1780986152117765, -3.364063492304162, -3.263517391832569, -3.243707783614533, -3.4525386985344224, -3.768664049196847, -3.556607077393351, -2.852315072771869, -3.385025914711288, -3.169387500497359, -2.028402875118618, -2.8929367789739295, -3.380913094629215, -3.130532452577277, -3.372525331340259, -3.3592127863364882], "G": [10.275719334807578, 7.706288847742202, 8.037039527410194, 8.666546706911884, 10.827690184870853, 12.081076392644569, 12.697955879984022, 13.308779438839682, 13.27447419226924, 13.399260001846507, 13.66135096248192, 13.582992722716513, 14.469798583018628, 15.31331176999249, 16.215218399144426, 16.64083055906658, 17.361199644547476, 18.36257958713966, 18.877232032486155, 19.344809592524662, 19.2707219425636, 19.957021592538567, 20.34214398830752, 20.50774047948137, 22.2895514572723, 22.2265776863581, 21.403093482874617, 23.698625033414817, 23.3011400246922, 22.943832711328433, 23.170876394344283, 23.194845344446883, 23.374727925167807, 25.542426749120786, 25.83189285857768, 25.625590650341177, 26.1822452545166, 25.83723819104931, 26.424839430217503, 27.219020819362207, 27.464423553853095, 27.583468594128572, 28.326124577582636, 28.832333963128583, 28.616439070882677, 28.848406586465956, 29.26678481283067, 30.299052733409255, 31.527741009676003, 31.914549646498283, 31.529422035700158, 30.949041535582722, 30.749425381044798, 30.456866034978553, 30.788537906695016, 31.099128336846075, 30.803866567490974, 30.6034431216083, 30.722591062135333, 31.14753027807308, 30.366591006894655, 31.965467911732347, 31.225883532174027, 32.070486430880386, 34.36994079396695, 34.0877489983281, 33.58108600181869, 33.03120605855049, 33.084209104127524, 32.73447869699213, 34.36424692371224, 33.62268925920318, 34.58288861528228, 33.859757749340204, 33.979176460942135, 34.472256889826134, 34.01168987419032, 31.155432544177092, 32.1019233027591, 34.09032280837433, 35.15151905108102, 35.830476736720605, 35.978544162798535, 35.8718362639222, 35.69850709166708, 35.840809882441654, 36.00980898700183, 35.55434953713719, 35.50373932077915, 35.45637019676498, 35.79461930673334, 37.37130297890192, 36.00264773791349, 36.452551395078245, 37.20614566078669, 38.71578066862082, 37.59404643577865, 38.02027574370179, 38.07200062425831, 37.580212122277366], "fid_epochs": [10, 20, 30, 40, 50, 60, 70, 80, 90, 100], "fid_values": [160.65659691436468, 136.30849897249254, 108.28234116038504, 94.97458557892446, 88.46796969681515, 84.6701673717833, 83.34372140373182, 76.2913430625128, 77.25799704316523, 72.43590454133539]}