{"D": [0.4564823658989214, 0.10903581292809122, 0.10943251510943904, 0.11174029937904814, 0.13017016417725616, 0.14186511636542543, 0.106288539450568, 0.13468058860820273, 0.12354005813179418, 0.1354226940847419, 0.14039599376223277, 0.1438889689076587, 0.12577649728988138, 0.14757173368350016, 0.16162611410745878, 0.11761421919859888, 0.12673428253558897, 0.12668811090652596, 0.1668499490660627, 0.1429662004189418, 0.14198726725281047, 0.15334233948413065, 0.14824297782176596, 0.1350704512804213, 0.15452578732424685, 0.13889616986979608, 0.13684666118658412, 0.13250598336196007, 0.14198240357667893, 0.138515025224832, 0.137685748660351, 0.13711881767148557, 0.14249139014259934, 0.13553698361872712, 0.12645255813322714, 0.17999063660878964, 0.1363042496964145, 0.12524143718849973, 0.12434228536341806, 0.12382528071513262, 0.15263112796389539, 0.10859970913251953, 0.1226516814945299, 0.14162110865992658, 0.11042700742211793, 0.1121644137422447, 0.14259017113110292, 0.10392001037821745, 0.11474290165259406, 0.10037029778484798, 0.15478304770710827, 0.13177161011130303, 0.10676204264545075, 0.13643588571597243, 0.11394987408729161, 0.09064656839041454, 0.15609288504323388, 0.17356658534473166, 0.1642452182195833, 0.10442363375516804, 0.09351137394795332, 0.10166123887652631, 0.10907410545384183, 0.09583140764852315, 0.09312030104229517, 0.19892939182041247, 0.09061475570701882, 0.09429361277719593, 0.08899088504502688, 0.09492860505800418, 0.19710249857753134, 0.25254898379220986, 0.24986410895576866, 0.2491099338244904, 0.24873507179110252, 0.24788662657865781, 0.24670854226097733, 0.24729280051825298, 0.24706112778247774, 0.24690199565247198, 0.24644709910120804, 0.2427122685153161, 0.24298733453768903, 0.24245298682423808, 0.2425229947280396, 0.2402058970897704, 0.23955106780961957, 0.23972494862116206, 0.23941933327471204, 0.2378990149025417, 0.24023010579826276, 0.23831339462486376, 0.2360365670507826, 0.23289692527650263, 0.23654647739342108, 0.23945524267223486, 0.23250974287919682, 0.22838855670083819, 0.2224302595991003, 0.2101354148153149], "G": [1.1611678210156196, 0.4479361984049878, 0.4210410918325872, 0.41744904785090703, 0.3965584350001934, 0.36411391869377907, 0.37690224854842475, 0.37362060524389873, 0.3556836767460379, 0.3432374532475039, 0.32910129280232103, 0.33891116287511636, 0.3375564796892959, 0.3241316351725165, 0.3259568265579698, 0.32985333738195927, 0.34910628935584176, 0.326256395863069, 0.3227205172162074, 0.2724215220707609, 0.3031924503386173, 0.2993791337503725, 0.26501281084993, 0.2955982250821255, 0.2874839565504695, 0.28798765950190747, 0.291206799695254, 0.2936143900751305, 0.2918457606916918, 0.2933385610780524, 0.2866154285362157, 0.29264281154193383, 0.2897785782642529, 0.29083671851459975, 0.292048318502124, 0.2788562646607304, 0.26134279728545556, 0.3005348388057993, 0.3036537937429326, 0.30229543092305705, 0.2994184894463443, 0.2991839209023644, 0.3034726208757104, 0.3132582253364422, 0.2997676599056215, 0.31042536185182573, 0.30452904267155606, 0.3125549769481582, 0.3232314792387854, 0.32187085505336754, 0.29110738664598723, 0.2931681952875136, 0.32320482399114564, 0.30522718829819767, 0.31977321356630234, 0.33396337500504214, 0.29514305553663417, 0.28006649105940634, 0.2364620288543384, 0.32333060016241066, 0.33541824537165027, 0.3405170307001647, 0.33184935248283015, 0.3368553678264551, 0.3449680890525927, 0.24542691868246364, 0.3366989035283208, 0.3482158887426338, 0.3543972341948763, 0.3560573470390514, 0.3047720983129023, 0.13558173777959537, 0.13463998136236843, 0.13388191258815854, 0.13392088548911502, 0.13505530660338413, 0.136472650463014, 0.135534919093332, 0.13637047245755524, 0.13698269068585028, 0.1363426535140218, 0.14265388663848647, 0.14148920936428983, 0.14090154329529198, 0.14065302336764762, 0.1436065237807191, 0.1441940819592122, 0.14302489211034897, 0.14217015123352064, 0.1443664106109258, 0.14315940769355925, 0.14249221382238675, 0.14464758311772286, 0.14742075398450008, 0.14701800105516868, 0.14252439979702006, 0.14674466573978628, 0.15343243678522003, 0.15719449234283184, 0.17330765755623198], "fid_epochs": [10, 20, 30, 40, 50, 60, 70, 80, 90, 100], "fid_values": [110.42050983603247, 71.87017865704621, 59.023159463342154, 53.828814284508155, 52.1268692791765, 50.12290283424733, 48.87604576113898, 62.75917232224526, 81.83034769264594, 57.246907183729036]}