{"D": [2.3949335375918617, 1.371524582935285, 1.3818721997586987, 1.3586409574822536, 1.3655938815466966, 1.3649840717074238, 1.3601564048211785, 1.3502922631517242, 1.3386238028731527, 1.3556435168543948, 1.3615420302258263, 1.3556891196890721, 1.3563238140902942, 1.356365502635135, 1.3540443876121617, 1.3498232636270644, 1.3558557742758641, 1.3701193151594717, 1.3690413840209381, 1.3782443577730203, 1.3756470227543312, 1.375924012329005, 1.3757603591001486, 1.3709158701232718, 1.3728723360013357, 1.3718361039704914, 1.373663271529765, 1.365723258332361, 1.3757413037215607, 1.3707419030274017, 1.3680248185049129, 1.3688627541819705, 1.3693577066252502, 1.3630361949341208, 1.3711264495608173, 1.3682564285737049, 1.3678753723072101, 1.370710369906848, 1.3638139782072622, 1.370150772831108, 1.3652766143219381, 1.3621107068242906, 1.3632388990136641, 1.365051788619802, 1.3640677747847159, 1.3628895584541032, 1.3621766657768926, 1.360790391511555, 1.3675850614716736, 1.3678455533860605, 1.3646878547306303, 1.366378366192685, 1.3631023138384275, 1.3592923049685322, 1.3625252729729762, 1.3576594847667067, 1.3562422870080681, 1.3539329812496523, 1.3466010712370087, 1.3508211917515043, 1.3527667401712151, 1.352444896215125, 1.3546368230747272, 1.3558188812642158, 1.3549816231184368, 1.3581404323819317, 1.3589050633997857, 1.3609804005562505, 1.3527426161343539, 1.3580832632282112, 1.3589597683918626, 1.3563221783577641, 1.3569741052917288, 1.3559207554104962, 1.3557128845890867, 1.3514595001558714, 1.3453257415868058, 1.3419653056543084, 1.334524319141726, 1.338371602794792, 1.3381118004835104, 1.344571161873733, 1.3486613699152499, 1.3504256870173201, 1.3554941868480248, 1.356119545200203, 1.357290198531332, 1.3569679909114596, 1.3565641098384615, 1.3544042442418351, 1.3568399752242655, 1.3540141537219663, 1.355316859257372, 1.3539489447316038, 1.3555033674722985, 1.3584937234468097, 1.358246697655207, 1.3592262524592726, 1.358299053167995, 1.3602277644072907], "G": [1.4269980561884144, 0.8066476357134083, 0.7653668002237247, 0.7626794976524159, 0.7422042074082773, 0.7527658501757851, 0.7434408687338044, 0.7465589189831214, 0.7555115336104284, 0.744020666502699, 0.7418200403829164, 0.7383421983899949, 0.7419242534456374, 0.7330985635141783, 0.7338870643060419, 0.7436049950273731, 0.74051972054228, 0.7283639824843104, 0.7270468714870985, 0.7132609109335308, 0.7173348672782318, 0.7224966008451921, 0.7173461287836486, 0.7253037102614777, 0.7200518838966949, 0.7204331370848643, 0.7175722084467924, 0.7245023099681999, 0.7160885567906536, 0.7182027765467197, 0.721105482759355, 0.7229251899296725, 0.7168704044969776, 0.7276838331282893, 0.7172666825825655, 0.7220674602291252, 0.7250432688978654, 0.7194211513181276, 0.727416018896465, 0.7201222837725773, 0.7252947891814799, 0.7293715265732778, 0.7258877369421947, 0.7265832009194773, 0.7264781677270238, 0.7285239998298355, 0.7283873407146598, 0.7249894300593606, 0.7270808936674383, 0.7244831270809415, 0.7244961397557319, 0.7216589292393455, 0.7258371152455294, 0.7298552288284784, 0.7242484085167511, 0.728827066059354, 0.7315539204621617, 0.7357562184333801, 0.7395400352115873, 0.7395148073570638, 0.7404080493540703, 0.7369782441779028, 0.7353587158118622, 0.7336925200269192, 0.7320333749433107, 0.7328012238574934, 0.7311092886743666, 0.7257816708540614, 0.7328961129429974, 0.728289623049241, 0.7266645461698121, 0.7320592961733854, 0.729104545297502, 0.7296909523915641, 0.7317385318913038, 0.7355785596219799, 0.7400411774840536, 0.7453290510781204, 0.7498843134204044, 0.7462117845499063, 0.7467875699453717, 0.7458667921114571, 0.7394407165201404, 0.7346604285360891, 0.7315821277944348, 0.729215504247931, 0.7317982180209099, 0.7259781858589076, 0.7298393966276434, 0.7287070004245902, 0.7289854574807083, 0.7282785901540443, 0.7277923754498928, 0.7344189240962644, 0.7279459494578687, 0.7288806129105484, 0.7254452169695987, 0.7255546956122676, 0.7237719652018969, 0.7241940339909324], "fid_epochs": [10, 20, 30, 40, 50, 60, 70, 80, 90, 100], "fid_values": [296.97323532075137, 288.54986714432914, 301.63433830768895, 269.7187206317493, 250.2265613231155, 212.27125484596056, 216.82226379510792, 164.54909652125508, 170.1899728442492, 134.58070488420884]}