{"D": [0.17396876592000451, 0.19646097030608525, 0.2123102858674394, 0.3114299345054204, 0.33183624373772475, 0.2519302468605434, 0.1385412670766251, 0.27831863333718687, 0.2132165008990825, 0.14088482546466816, 0.153474316378183, 0.285944385524792, 0.41281179631058174, 0.3438198456092726, 0.31229749741622165, 0.2709165880385834, 0.34306919796368746, 0.299312692182728, 0.31233406995859325, 0.2763746833027918, 0.31867366991465607, 0.39886301345651665, 0.38491538487657717, 0.41038119783507115, 0.5002958340735375, 0.5060934298023393, 0.46182009954995745, 0.5364032544289963, 0.5337134213009967, 0.4336675616759288, 0.43541229450249974, 0.5053714854713482, 0.44194686507122427, 0.4499214704655394, 0.47078781801311276, 0.4825269607237623, 0.5685557868284515, 0.43400061998186235, 0.46529499978958805, 0.3636337325354166, 0.40861929311782497, 0.48268087642102303, 0.4638106807877746, 0.4466625988672051, 0.48411341077542, 0.4330020518619803, 0.4936943869990639, 0.46384730373945415, 0.41676944371642943, 0.49881766151778306, 0.4825704277882093, 0.34846480634016325, 0.521681021003029, 0.43117094511472726, 0.4117870212921613, 0.4649069984973986, 0.39371870217632643, 0.43344226781326006, 0.3825461737151387, 0.44114852970159507, 0.4041140930184835, 0.40094911797514443, 0.3536253904900219, 0.3996417247513427, 0.38438408906701244, 0.5072076563027841, 0.44506030119483986, 0.40425970424202423, 0.38822460066102726, 0.39269449401505385, 0.5260524855384344, 0.3924136532447006, 0.4008741920130162, 0.4093824590120134, 0.411933212623566, 0.5173074665326106, 0.40647121839508227, 0.4390192713729943, 0.3912991281551651, 0.3674006846415091, 0.42556147404675243, 0.373133294803055, 0.4239384048158609, 0.3960933276935469, 0.4101312372220468, 0.41691011794005767, 0.4142612475854687, 0.45632317152958884, 0.3292408038072194, 0.35097733894480937, 0.46290750282851956, 0.39284993373329125, 0.40350057788287536, 0.30585475020770786, 0.3803825126607207, 0.4053711244671405, 0.31339806035349643, 0.3399664041928098, 0.3481224773899664, 0.3086004210989686], "G": [4.995320667194415, 4.744358833832077, 2.588885941082918, 2.522828399380551, 2.235877556136892, 2.1499550749983967, 2.1737773682497723, 2.522025497653816, 1.9890270436866373, 2.120163319986078, 1.8919463444359694, 1.6212615612186962, 1.299525352218483, 1.2780082165440427, 1.3496823872946486, 1.3848037787630587, 1.367778572477872, 1.2188051622125167, 1.3168084877955764, 1.3485368233692796, 1.3051966217499744, 1.1297703268407266, 1.0667214061640486, 0.9914883982531632, 0.9601756236221217, 0.8478922674173042, 0.8818832137916661, 0.9151859449434884, 0.851903956902178, 0.9815023401870003, 1.03558456520491, 0.9404715797569179, 1.0255338526979279, 0.9467338961136492, 0.9280924880051915, 0.9864336365385901, 0.9639291069175624, 0.9852632299254213, 1.010278713099564, 1.041040928303441, 0.975286594674557, 0.9895164657242691, 0.9123081678076636, 0.9837294092661217, 0.9490896384172802, 0.9102906931804705, 0.9116256772717343, 0.8957513687731344, 0.896308028245274, 0.9236142710794376, 0.9776134377793421, 0.8850287998778911, 0.8916949614693847, 0.8762420981745177, 0.9636896660056296, 0.8842264557186561, 0.9413658908650845, 0.9619631589967993, 0.8822540233406839, 0.9634493430958518, 0.9089974613883828, 0.9145427497127389, 0.9638979185985613, 0.9229750244677821, 0.9266190626953221, 0.8957497817051562, 0.8998883234549172, 0.9148565496824965, 0.9024144758152056, 0.903665397363373, 0.8379957815514335, 0.9558669837969768, 0.8214674697646612, 0.9049132537992695, 0.8520791994619973, 0.868766277273999, 0.8996202029004882, 0.8929096694234051, 0.8781539907183828, 0.9214470499678503, 0.9562122565281542, 0.9451368285130851, 0.9244702405567411, 0.8824323725096787, 0.9517340909076643, 0.9104583259624771, 0.9187560809563987, 0.8787006403826461, 0.9359931753406042, 0.9544295042375975, 0.90883106332791, 0.926220477381839, 0.926684564804729, 0.9661062993580782, 0.9503509390957748, 0.9454870344717291, 1.04381932186175, 1.0092549286311185, 1.000959938840021, 1.0031758494014982], "fid_epochs": [10, 20, 30, 40, 50, 60, 70, 80, 90, 100], "fid_values": [244.49981459425072, 156.3075502766531, 104.9647739054007, 85.62807802359629, 75.22991384752396, 74.07777847414644, 66.56092368331537, 61.45154779862179, 59.30912349184257, 59.05255413764428]}