{"D": [0.3880278442570187, 0.355828604910602, 0.23898986104003928, 0.3555297829607066, 0.38343088832941463, 0.41426377296447753, 0.42532992145799575, 0.487278989908543, 0.577163978079532, 0.5951700880806496, 0.6268965658355267, 0.559020804629681, 0.5993406974888863, 0.5694461266411112, 0.5583848484019016, 0.5832996459083354, 0.5615742922463316, 0.5650217991560064, 0.5321443411264014, 0.5582931606693471, 0.5671926424224326, 0.6094250562977284, 0.6263034623988131, 0.6211795283758894, 0.6270376726033839, 0.639746681489843, 0.6111660782327043, 0.6733451684738727, 0.6089599356372306, 0.6219877422490019, 0.6229737497390585, 0.6208678199889812, 0.604342438946379, 0.6211563294238233, 0.6146840448709244, 0.6027465175440971, 0.6216771506882729, 0.5815979865954277, 0.5913750565115442, 0.604077699400009, 0.6087489163621943, 0.5657768184834339, 0.5444987269158059, 0.5801385474965928, 0.5575885867184781, 0.5334070136572452, 0.5828972626873787, 0.49633188618624463, 0.5378371312897257, 0.5269137952556001, 0.49428975525054525, 0.5055738157414376, 0.506108158351259, 0.49616938645535325, 0.4553106354906204, 0.4714593126418743, 0.4971622464821694, 0.43181446825570247, 0.4276046803657045, 0.43064406368326635, 0.4203116607158742, 0.44077712608144637, 0.4097933649858262, 0.4456419782118594, 0.4087612508142248, 0.3765821556461618, 0.3544650067040261, 0.39564576399453144, 0.3867594592748804, 0.3720822808114772, 0.3141297148263201, 0.35600322795675154, 0.35725852590292057, 0.33696047882450386, 0.3720202162861824, 0.31538552946232734, 0.3009209714829922, 0.3087030947366928, 0.3188152223191363, 0.31089560395859656, 0.2932432582403751, 0.34629813440619633, 0.30909603578930206, 0.26003681771615716, 0.27165169398835365, 0.3450672131745105, 0.30923246998102105, 0.24635121923811892, 0.27820920627167883, 0.23831607493314338, 0.336974011258559, 0.23371927348223137, 0.30094150292905086, 0.2036605031090848, 0.33601821682792393, 0.2279802144841945, 0.26050675524042005, 0.21565615507833502, 0.2792765099713777, 0.1780119266678044], "G": [3.3808654769938045, 2.96575555294118, 2.6848901347911105, 2.205158006130381, 1.9749294331733216, 1.7655158221087557, 1.9520552070851023, 1.6439994651903498, 1.4376361631966652, 1.434909610355154, 1.4677216857988784, 1.4190385053766534, 1.389920057641699, 1.4287565425038338, 1.4765474296947743, 1.4179793288733096, 1.3901687715598878, 1.3927300599027188, 1.3715991589617222, 1.3574649110119394, 1.3179263036301796, 1.2618893147783077, 1.230055872715534, 1.208603317750261, 1.2318195107769458, 1.1994867417882098, 1.1981151812254114, 1.166767449011194, 1.213628511828311, 1.1946485547309227, 1.1870902956483211, 1.2058173205465712, 1.2194878570576932, 1.196619204796375, 1.213833737848921, 1.2290956168257177, 1.1913683190307718, 1.2217470287959626, 1.1914141492323673, 1.1818280806566805, 1.2214457641256617, 1.2165044562930756, 1.2366508468668511, 1.2335175766114226, 1.2487094964752805, 1.26147350978027, 1.2599271641766772, 1.2854684613169507, 1.2662958076976716, 1.2894831173597499, 1.275144705414138, 1.3122662477353786, 1.3180442952095195, 1.3408735733717045, 1.339687164825328, 1.3598773252456746, 1.3476774791453747, 1.382934680168933, 1.4092021942138673, 1.405737704355666, 1.3940484584963069, 1.422522555259948, 1.4388249588139514, 1.4234258519208178, 1.4465570511970114, 1.4648208639089098, 1.520248407759565, 1.4959521668705535, 1.4968562336678202, 1.526449922234454, 1.5608186435192188, 1.5644643361264088, 1.5481219778035549, 1.5771686311097854, 1.5812219021802252, 1.6019391289733826, 1.611183690897962, 1.6466813130581632, 1.6594055423394163, 1.6628636717954848, 1.6665105404688958, 1.6395337807054216, 1.6485916067311104, 1.7050102571382169, 1.7310888877732957, 1.690065272374356, 1.6969567199019675, 1.7446963800711834, 1.764633634369424, 1.758892704831793, 1.7401354153898168, 1.7750374547978665, 1.755062793956158, 1.8220005887619992, 1.7860745577736103, 1.7686768253115897, 1.8075692684726512, 1.8713363315196747, 1.8193577623113673, 1.8873633780377976], "fid_epochs": [10, 20, 30, 40, 50, 60, 70, 80, 90, 100], "fid_values": [99.7788950931199, 77.85083102606308, 61.69307239888013, 53.552276964619864, 51.654342162253386, 48.86860407867306, 50.607323233398176, 46.3175698497289, 45.81836403533191, 46.130198889435746]}