{"D": [0.2777275104656854, 0.24323311318521915, 0.33475375312673467, 0.3052313782636772, 0.4524918187057118, 0.5142615656642353, 0.5277077533552409, 0.52641693496948, 0.4949882149391467, 0.5073618848076866, 0.513851794326092, 0.5277031596435611, 0.5094396350595652, 0.5151328786712168, 0.5360369325217689, 0.558371627422245, 0.5491165333544202, 0.5646526892014476, 0.5545704038170598, 0.5700302918053344, 0.5599469060978621, 0.5543855193554593, 0.549574543695773, 0.5504229320475208, 0.5253423178173087, 0.513956365606669, 0.5062487470295728, 0.4944366583281466, 0.48938200129267506, 0.48554906664449543, 0.4727724553145411, 0.46607456382964274, 0.45862121971519404, 0.44009137801502063, 0.4516316356942477, 0.4377581073195123, 0.40574056422695176, 0.4319833231723065, 0.39043800653818317, 0.38782934297609817, 0.3979187118999489, 0.37308830630672557, 0.3771453377936045, 0.34289279279996976, 0.35880095132476536, 0.32744328192699595, 0.3346499826978235, 0.34040179483764005, 0.332867788660633, 0.3054925408833625, 0.34387974645418434, 0.25903921993568424, 0.32153141962559634, 0.2834930158961002, 0.27144221068286073, 0.2977655564418153, 0.2731977309126531, 0.30167252186428556, 0.22468217254004172, 0.2325019445103567, 0.23544501020665973, 0.2498771182435286, 0.24430302370939871, 0.27273166733210347, 0.25821759832827634, 0.20552844061609118, 0.23085118051680267, 0.23438654968615077, 0.23312963180891846, 0.20707072554837408, 0.20687995453620012, 0.23777519238879308, 0.2501524417980305, 0.18219736703407124, 0.17048872693601397, 0.18690932342958877, 0.1918418795380103, 0.2699170441395315, 0.15726190786260894, 0.24328196453897621, 0.13716388879882177, 0.22958544918390758, 0.1907754782063272, 0.15353588009719996, 0.26469642582142255, 0.1139729932496024, 0.19558341205810836, 0.18059781388810758, 0.17225117714780255, 0.1708152635496996, 0.26078058679795363, 0.1312788641413726, 0.1623245048755899, 0.2299105544453082, 0.13003315781945807, 0.21731418036186442, 0.13493518984955175, 0.1431743443712516, 0.18223068929846634, 0.10600401876229898], "G": [2.934796143828146, 2.1730511927086376, 1.4234434722177207, 1.3306903640937318, 1.0533959795446957, 0.8562924147719313, 0.927427559633694, 0.940612512476304, 0.937738746023544, 0.9736695142505724, 0.8804863621206844, 0.8580620703489884, 0.8348341365452008, 0.7900044738941485, 0.7994131496190415, 0.7608246977829263, 0.7478688100872137, 0.7652618554242127, 0.7733832349252823, 0.7513771705767688, 0.7341945566179807, 0.7467314064350274, 0.7637007350049665, 0.7491827001199698, 0.7773787574390011, 0.8107315338481113, 0.8149022046867234, 0.826261830528069, 0.8393048560985213, 0.8360633693845071, 0.8592454097459993, 0.8734263328792494, 0.8758323309214219, 0.9032546201020556, 0.9143652726927072, 0.9166712318082599, 0.9468589845825645, 0.9442858736380897, 0.9631936474681815, 0.9957837377820173, 1.013682437598553, 1.0188670964039805, 1.032316925961648, 1.073370878272654, 1.084285075707204, 1.1016816340596474, 1.1157898499685175, 1.1249926937815478, 1.1461092377715099, 1.160658876380652, 1.151487434916484, 1.2030137389364755, 1.2057581200928944, 1.2273904852702489, 1.2453771949271717, 1.247585898774969, 1.2686679493588255, 1.2623095356899758, 1.3146025667257626, 1.3358933635227515, 1.3429633236449698, 1.367075146692793, 1.3627833353588954, 1.3908043721752703, 1.3472970447424428, 1.4102628929230867, 1.4082522406754896, 1.4266470670700073, 1.4307250848511601, 1.4501369112287945, 1.4674170385388767, 1.468772882695698, 1.4684859957841352, 1.4911535526709179, 1.507487819551507, 1.5467160440924224, 1.5364205767888852, 1.5062331746301383, 1.5470916904756784, 1.5482966377759528, 1.5805325390737686, 1.5410151433990436, 1.5959251881255518, 1.594111245763881, 1.5566775745443067, 1.6260445135481216, 1.627960751962174, 1.6300021957253557, 1.654851475411364, 1.6425495836740869, 1.639256981861256, 1.64304551619398, 1.656935483674564, 1.6540280908269955, 1.699204523163988, 1.6980267252458636, 1.7070458489458273, 1.722091370988685, 1.7160433412284193, 1.757177850169599], "fid_epochs": [10, 20, 30, 40, 50, 60, 70, 80, 90, 100], "fid_values": [88.17049449936496, 58.74782112900175, 49.603450693205616, 47.71979044506486, 47.44493876928345, 47.07724907416252, 47.98276505011006, 45.31198713639577, 43.26607978747518, 42.8149716750122]}