{"D": [1.2515338663058946, 1.0469385439742216, 0.3918554797957215, 0.2128617526326753, 0.07138781122203115, 0.07188387974342213, 0.09085777401924133, 0.10044505164215836, 0.09429520981598503, 0.08203245515498934, 0.07568255651600753, 0.12287426777655565, 0.13926237774423406, 0.13049977513242372, 0.1179482769928401, 0.1056072139475919, 0.09505373140490508, 0.0994474911425687, 0.09216278055800667, 0.10994337098319319, 0.14551827792502656, 0.11601885625078709, 0.1274777780039401, 0.14075330814606027, 0.1391044309056258, 0.10996521056830129, 0.1010522053022928, 0.13380602671753003, 0.12308740049977845, 0.13258697851737844, 0.13535334613127045, 0.11883396504423287, 0.11917071959263162, 0.08506925352200677, 0.2707801331070405, 0.08475624647321581, 0.06550278368441365, 0.11702455863167968, 0.0648176081572907, 0.18480095842593833, 0.23515288097948966, 0.12785010596242133, 0.09953362390964846, 0.10213660236589517, 0.10886200154318085, 0.14023048034574412, 0.1336049624258959, 0.13329326748093473, 0.11934630308724657, 0.1532669332397135, 0.11544173559810542, 0.13356645400576952, 0.12315297650196884, 0.13422658633959444, 0.26886791085140616, 0.1570259551458721, 0.13017505001795443, 0.12803678667243523, 0.1332376777559896, 0.12748890502166144, 0.16926777419410174, 0.11221570087761819, 0.1139876046984256, 0.11273225840133956, 0.17289200736374793, 0.09997396727528753, 0.27122705641992484, 0.21615575103065635, 0.13835958976157103, 0.09517454950115349, 0.11437818771110306, 0.09006218503736242, 0.2947248443018032, 0.19190224043176143, 0.10609911028531534, 0.10935074670971194, 0.16695479039527192, 0.10231612339804444, 0.10685225613886797, 0.14255574491770961, 0.1473498428829863, 0.1155584447463102, 0.2802534059067316, 0.12401566333785842, 0.09483596432623984, 0.1218129638818246, 0.20585358652132976, 0.09508522166104257, 0.11122339803584014, 0.15195135583605948, 0.1122805333778828, 0.10789141973739938, 0.11288062648116788, 0.11898781774164754, 0.12995511703664744, 0.12421064423043517, 0.12082700511511368, 0.126386393380316, 0.10393837311222584, 0.09715590003547789], "G": [2.548965596322772, 1.970404478898154, 1.1707388677551775, 0.9308974850404111, 0.5206472862370407, 0.3866601435444023, 0.36873342832432515, 0.3542161863061446, 0.38709372659272784, 0.5279310928492607, 0.556456204456619, 0.37578027799159663, 0.31957214033301873, 0.3460458600068394, 0.3744313575421708, 0.39347775619995745, 0.4469020904242238, 0.433253303736071, 0.42400529735450504, 0.4017454033976869, 0.3863555825303627, 0.3875309632548803, 0.401021848845331, 0.4006069538336766, 0.3694467338957364, 0.3694209065995639, 0.3726444397168823, 0.37414600815671156, 0.3680555110302153, 0.37148058763410474, 0.40027628513642505, 0.37921535072824625, 0.37434612129685246, 0.3658527579111389, 0.3390476214168947, 0.367730510008486, 0.43640683346156833, 0.41574495380060583, 0.40860626384427273, 0.41984461252636546, 0.21192548697507835, 0.28383686553828325, 0.36825840420360806, 0.3849216788252698, 0.344846358499195, 0.34559529482186596, 0.33896373575435407, 0.3348828945544702, 0.332955861770654, 0.3435567059565949, 0.3108824270812771, 0.3375266681696418, 0.3289751585903047, 0.33462799029259743, 0.20327182524377788, 0.2525861852719814, 0.32061452050752276, 0.33108148799289633, 0.345969191551963, 0.3288724799699421, 0.33601525204279753, 0.3218759107816068, 0.3284094000730333, 0.3377082239412054, 0.34036474722095683, 0.3313572934911221, 0.2929701288761217, 0.17894204819126974, 0.2676555172929281, 0.32320097616956206, 0.3402673059815093, 0.3422883257647104, 0.19794167983758298, 0.2030453303758102, 0.34327153936971594, 0.34789190497956696, 0.28470123934123337, 0.33740603093859517, 0.3392272000259991, 0.34457432337199584, 0.3234925786905651, 0.33115318313806874, 0.2693966581851621, 0.27806624072262004, 0.31271982192993164, 0.3329571925952465, 0.2757096960197521, 0.3444948213387139, 0.35292626705162133, 0.3296281188561381, 0.32583715144214753, 0.33376269683807713, 0.3471621195726757, 0.3318162710889231, 0.33599280820617194, 0.3220589558912229, 0.3328569134390807, 0.33083997223573397, 0.3394535705447197, 0.3384763390957555], "fid_epochs": [10, 20, 30, 40, 50, 60, 70, 80, 90, 100], "fid_values": [300.0628999793623, 302.09294692703634, 200.17412699737844, 154.9514370596288, 115.47186611318818, 99.7335666373292, 99.39456461909242, 78.34477401948794, 92.88411292964167, 74.70678179130027]}