{"D": [1.5948393271324481, 1.3521159172058106, 1.3443261983546806, 1.3562944046994474, 1.3527470482156632, 1.355241322517395, 1.3668649090097305, 1.3629357627097596, 1.370036765362354, 1.3679842172785008, 1.3678933311016002, 1.3618031998898121, 1.3521421645550018, 1.3444509962771802, 1.3488657829609323, 1.3423267958012033, 1.350007467066988, 1.348679225495521, 1.3547738744857463, 1.3586865967892585, 1.3557177371167122, 1.3563106166555527, 1.3532545642649874, 1.3388888937361696, 1.3415342934588168, 1.3574428928659317, 1.3619970555001117, 1.3609045470014531, 1.3600533830358628, 1.3613646476826768, 1.3636496239520133, 1.3653554951890987, 1.3667269990799276, 1.3660394115650907, 1.3663648387219043, 1.365882441845346, 1.3645803258774127, 1.3666742263956273, 1.3656264386278518, 1.3664916008076768, 1.3656479257218381, 1.3656383717313725, 1.3658380650459452, 1.3672354824999546, 1.3670619528344337, 1.3663515146742475, 1.3670466570144004, 1.36709825536038, 1.3679045464130157, 1.367142316635619, 1.3670276454154482, 1.3656299591064454, 1.3670334516687597, 1.3663433977898132, 1.3673290881704776, 1.3675102264323133, 1.3662127956430963, 1.3667397696921166, 1.3664002880137018, 1.3666619387078793, 1.3655315987607266, 1.3655724931270519, 1.3656304450745278, 1.3671053100139536, 1.367993923451038, 1.370004675236154, 1.3703861916318854, 1.3705636349130184, 1.3704343963176646, 1.3717592569107706, 1.37185545627107, 1.3721469940023219, 1.372768993580595, 1.3727203734377598, 1.3735455051381538, 1.3729414031860676, 1.3733718177105518, 1.3727878114010426, 1.3748738801225704, 1.3748876947037718, 1.3743286005994106, 1.3738801048157063, 1.3735377641434365, 1.3734925173698587, 1.3746796821026093, 1.3747405615258723, 1.374830558959474, 1.374911214950237, 1.3753646886095088, 1.3752430631759318, 1.3751168661929192, 1.3750384848168555, 1.3762246248569894, 1.3751271821082907, 1.3748511370192182, 1.3756689020927917, 1.3757624321795525, 1.3758995908371945, 1.3755761836437468, 1.3764076019855256], "G": [1.2314719002297585, 0.7638435964888715, 0.7552691621983305, 0.7406625950590093, 0.738013312410801, 0.7317909900178301, 0.7261884935358738, 0.7319878654277071, 0.7229552167527219, 0.7246350171718191, 0.7215130524432406, 0.7293497970763673, 0.7391397466050817, 0.7482353656849963, 0.7445694466854663, 0.7499185914688922, 0.7430778579509004, 0.7426957536250987, 0.7366146148519314, 0.7320617252207817, 0.7328894818082768, 0.7327042714078376, 0.7340443063289561, 0.7499771432673678, 0.7478772396736957, 0.7302174793913009, 0.7245064864767359, 0.726642613461677, 0.7263649793381387, 0.7265808209459832, 0.7221426068468296, 0.7199092464244112, 0.7194438792289571, 0.7185148761627522, 0.717285253646526, 0.7189778827606363, 0.7201882073219786, 0.7175760040891931, 0.716957221893554, 0.7175434490467639, 0.7182448919783248, 0.7173579378330961, 0.717083881510065, 0.7162394604784377, 0.7155271715306221, 0.7156547685886951, 0.7159276754298108, 0.715041568938722, 0.7134004562459093, 0.7143378460660894, 0.7144947987921695, 0.7156490965092436, 0.7136285675332902, 0.7149706389041657, 0.7137427479662793, 0.7131200212113401, 0.7137303124082849, 0.7139807399283065, 0.7136277493010176, 0.713685845567825, 0.7145127780894016, 0.7141812606060759, 0.7140617530396645, 0.7131126190753694, 0.7118048896180823, 0.7101435486306535, 0.7097052477775736, 0.7099270990554323, 0.7094057090738987, 0.7090639190470919, 0.7083375002475495, 0.7070510980930734, 0.7067882832060469, 0.7079794886264396, 0.7056914956011671, 0.7071446492316875, 0.706646524338012, 0.7072174954921642, 0.7055681160155763, 0.7051655924066584, 0.7053946730938364, 0.7056311774761119, 0.7064758683772797, 0.7063822157839511, 0.7047699083673193, 0.7046527915812554, 0.7044500832862043, 0.7052361955033972, 0.7042152156221105, 0.7043493047673651, 0.7044071040254958, 0.7046546568261817, 0.7033991788295989, 0.7042807551140481, 0.7042358099146092, 0.7038328756677343, 0.7031611863602983, 0.7033017155971933, 0.70363705919144, 0.7022713199574897], "fid_epochs": [10, 20, 30, 40, 50, 60, 70, 80, 90, 100], "fid_values": [327.27359227995436, 223.78026691980511, 167.62387447751394, 158.30974799724805, 109.25418766031493, 97.53254964746384, 91.7391090031802, 91.35649213808853, 72.84287802536767, 72.81696023363821]}