{"D": [4.024149311494224, 0.1501558666365056, 0.11155945600210866, 0.06374304883087738, 0.040883422227977195, 0.01732672656638713, 0.01065724965515016, 0.014330425547270835, 0.013298879177132739, 0.002209927415168738, 0.003900857430092896, -0.006121225890856755, -0.006108052557027793, -0.01139945565145227, -0.016126165991719767, -0.022396130699522888, -0.025811803491809702, -0.02421024102198927, -0.029241427260486386, -0.03193873303789127, -0.02831745133558406, -0.017832368800911724, -0.017722695830124844, -0.012134398982117447, 0.005484422480192365, 0.0007017050645773924, 0.002309327567868595, 0.0047590159162690365, 9.521745333943186e-05, -0.007250610691837117, -0.007936460920904257, -0.00660667066238349, -0.002120578991650026, -0.009968611140605769, -0.012195409570313707, -0.012651268510690218, -0.016591542270741885, -0.019417340313143367, -0.02211239959903156, -0.00969459264998949, -0.013586264598784568, -0.012326135995644557, -0.018363091670259644, -0.016757082783534556, -0.006868744056813324, -0.015871576210366018, -0.013395837236997447, -0.014791017681171623, -0.018505983172526844, -0.021410721083041987, -0.027645836407436602, -0.021709169909546647, -0.022496858988947505, -0.013542946215860451, -0.023974756934220277, -0.016061409812750695, -0.022483516508076763, -0.019070641621004178, -0.0204409522393459, -0.02633489314702493, -0.0243386013456915, -0.019941984970546976, -0.025071935539570035, -0.018138899338207667, -0.037834228028224996, -0.0236229540520831, -0.020591495110641553, -0.03153039701282978, -0.029890950934230526, -0.02647293000658856, -0.034133120946869065, -0.020098870667287067, -0.035228366268020644, -0.040058126885302456, -0.0262872138874063, -0.0387173206604357, -0.032033987602666965, -0.033592040638757655, -0.05125546280907679, -0.057685571569430674, -0.05387662624633765, -0.06910790470016154, -0.0893954794052281, -0.0903833882670991, -0.08515896148319486, -0.09536001444617405, -0.07656433188085314, -0.08168511106809483, -0.08531675247263305, -0.10173805223046979, -0.09523689836452279, -0.08175885168057453, -0.10344868931400625, -0.07286410392085209, -0.07716037389598315, -0.07089229305333729, -0.060212138757298264, -0.06632963997087901, -0.05814986961268926, -0.05639222702836689], "G": [1.0856676928793327, -0.04571651042545143, -0.0148118727640072, 0.031284243345873645, -0.024848966540980944, -0.01318134645683856, 0.0028560352128564935, -0.06963950266495725, -0.07339658195011411, -0.14929807810938056, -0.1463805182919472, -0.24442618418060527, -0.21430825781595858, -0.21649823243482202, -0.26295873824554156, -0.2550736360157592, -0.2980761048914511, -0.32780241268345073, -0.35141172118579284, -0.44118940471848356, -0.47812207250655453, -0.435785458340675, -0.38562799386585817, -0.2674124779863448, -0.17066408246991377, -0.04711487830345389, 0.0025504539378836187, 0.09455676083276167, 0.15649367038962209, 0.17740875892812694, 0.13168234786584596, 0.06033418071161531, 0.11640834926238543, 0.09614756804761253, 0.021859076640368263, 0.048668374873320513, 0.17823452542571327, 0.07221413127889362, 0.2068575190356638, 0.18023009475650667, 0.1412263386941786, 0.1997372982080413, 0.13574239698863483, 0.172233126736305, 0.17069071531885222, 0.18824679149857051, 0.150274509351842, 0.1701188266536669, 0.09154056784802977, 0.07873016651248253, 0.13592194697430618, 0.17406042429465282, 0.16319281860148604, 0.14640710517009603, 0.13436518229331962, 0.20051758271300152, 0.22954272712238982, 0.2036181511770038, 0.19433806379196011, 0.16953322071511345, 0.28042476374325875, 0.23799912848427326, 0.18178423489385012, 0.23233697240394127, 0.23807463771368884, 0.13957106543681289, 0.12201650036923305, 0.28383609170353485, 0.22135917251764597, 0.29728804849371127, 0.19872722330302756, 0.3238336342103968, 0.2720324195261243, 0.22273316654624253, 0.20422168158560614, 0.33760297318472515, 0.3189589236921902, 0.26323789558550226, 0.36509247790267574, 0.29657929706611214, 0.14344467206186132, 0.19136487236364355, 0.1964100079162966, 0.12580660678729227, 0.3142883879474447, 0.36931135816664634, 0.3516384681946115, 0.3446466843067091, 0.5109220743179321, 0.6924954667876039, 0.6230703622479982, 0.5696524864510645, 0.6386345875791356, 0.5911102906058107, 0.46976424734803696, 0.40139810910707785, 0.28819172192789333, 0.2554177568070119, 0.11964545803309619, 0.19105592683617828], "fid_epochs": [10, 20, 30, 40, 50, 60, 70, 80, 90, 100], "fid_values": [302.73152684376726, 287.99570804063006, 285.5140168280807, 315.4546665979899, 248.4464952626683, 259.21883859749397, 258.2536306302217, 242.13261952752012, 175.57856389396795, 173.95466966784426]}