{"D": [0.18882177725751348, 0.3005719085006004, 0.22325997964498845, 0.2886963017126347, 0.28325636646849045, 0.34755266289761727, 0.36417401283979417, 0.4557436683710585, 0.4602680065530412, 0.5372285120030666, 0.5460823589182915, 0.5679441406371746, 0.5303785661433605, 0.4986018918296124, 0.550513580124429, 0.5447778897082552, 0.510363910172848, 0.4996040788736749, 0.5294283163674334, 0.5336923846539031, 0.5160156587336926, 0.5356312551396958, 0.5565172038179763, 0.5995904370825341, 0.539574881436977, 0.5734860427836155, 0.645343482747991, 0.6098023466607357, 0.6264830908876784, 0.5865736693777936, 0.5609835003284698, 0.648819859230772, 0.6363087925505131, 0.5823240316928702, 0.5861500831360512, 0.6097440804572816, 0.6732336811562802, 0.5882767701402624, 0.5725544626408435, 0.607780788553522, 0.5864395391433797, 0.6130534082017046, 0.6152826042885476, 0.6042716977444101, 0.5125746361752774, 0.602911007277509, 0.5545543339658291, 0.5818604702645159, 0.5931243191374109, 0.5202288666938214, 0.6185059523328822, 0.512377718408057, 0.4928196720620419, 0.5727541182903533, 0.5354918587715067, 0.582526452490624, 0.5270428941604939, 0.4810789847627599, 0.4938045364111028, 0.5242735969893476, 0.5363932349580399, 0.43754700612514574, 0.5206209668453704, 0.4796565967037323, 0.5752670939932478, 0.3808103927906523, 0.48186577780449646, 0.5882972523253015, 0.4999890071914551, 0.44586371925282986, 0.4647065057399425, 0.3827723394683067, 0.5905557034497565, 0.3490801421251703, 0.7117683734665525, 0.3510447180017512, 0.5097877475175452, 0.5190738823185576, 0.36774910536218197, 0.4323882901922185, 0.42737978189549547, 0.403128737718501, 0.44252589097682465, 0.37036647860040056, 0.7237068811629681, 0.3233739994941874, 0.42396148259335376, 0.3077028269463397, 0.4204621764573645, 0.467987404414948, 0.31468878591314275, 0.2967665936718596, 0.49358933390455045, 0.41238156461969333, 0.26496353466460043, 0.49567506719142834, 0.5337357890098653, 0.2633581819052392, 0.43156030450729616, 0.2706739988732845], "G": [5.132721727452379, 4.149424030932974, 4.290907903935047, 3.6048069061116967, 3.29355103969574, 3.1993648832069432, 2.957780825933243, 2.5707868115699037, 2.339193033411148, 2.275813181095935, 2.188066809133012, 2.2455687545715493, 2.2227315293981675, 2.283232809761737, 2.2179090588175234, 2.3126902684252313, 2.2664118314677095, 2.2880489549738297, 2.3359317024496007, 2.2534519110588316, 2.1229983157299936, 2.095229863232755, 2.0471942133488175, 2.037553655197646, 1.9916472240965417, 1.9856865276681617, 1.9072050530899396, 1.9623414622342332, 1.9152941510715382, 1.8720057633328946, 1.9690761383543622, 1.897079237122485, 1.8736238736104458, 1.8471484110076377, 1.845616189342864, 1.8517361831157766, 1.8949739639429335, 1.8529871722485156, 1.8320534890002393, 1.885432590132064, 1.865306564975292, 1.8893459987133108, 1.8803671910724742, 1.8927839277589575, 1.923572538000472, 1.9162955332626688, 1.956001899343856, 1.9318158873852262, 1.94082419472806, 1.9205426216125487, 1.9843695342065173, 1.9933258570255117, 2.0258313356561866, 1.9880591516799115, 2.026559130308476, 2.0310158980336595, 2.04106723279395, 2.1021570484688943, 2.0704833451737747, 2.0741146323528694, 2.125587605478916, 2.130024442266911, 2.1234872302317873, 2.1831353859698517, 2.16221273206967, 2.164765925610319, 2.2042162765847877, 2.171806593477092, 2.206848865271883, 2.2158775669463138, 2.251372098161819, 2.265408612058518, 2.274282228391855, 2.291475155505728, 2.234993283585348, 2.290916130390573, 2.3019044113444522, 2.2933197945356367, 2.3371243727968096, 2.3950517125586246, 2.390139584275002, 2.3888046899374493, 2.437137729848953, 2.4319616434421945, 2.4068124132552877, 2.425076258943436, 2.5181548494607844, 2.492261080538973, 2.5092859179257077, 2.560271963920999, 2.509728702839385, 2.6265305500081246, 2.5994495511768347, 2.6286755114159686, 2.660875175861602, 2.6589918099819347, 2.6286075968374596, 2.639813045237927, 2.705556123854315, 2.746735404907389], "fid_epochs": [10, 20, 30, 40, 50, 60, 70, 80, 90, 100], "fid_values": [100.5057723111326, 79.22133586327499, 62.25588646536613, 60.91000741242567, 52.65345655409868, 51.01951504158512, 48.78778374844802, 50.65706396322537, 47.83698056759698, 46.94272234064084]}