{"D": [0.1839389034275767, 0.13837551238321805, 0.1804922617547497, 0.32673021519108664, 0.29624733008161375, 0.21300633581756037, 0.2689010963032517, 0.19364638900077796, 0.16362732488520537, 0.2758826189026048, 0.28822045985467826, 0.32248141559996185, 0.32676667201368115, 0.32788729064072236, 0.2809278765056707, 0.4173889597759971, 0.2893443037814732, 0.19459617996140371, 0.6779402713232403, 0.2261468802071825, 0.3910106079110616, 0.3030790882774546, 0.4795088803843607, 0.4017979836539377, 0.42981808811803407, 0.4618787167570259, 0.41346722671502756, 0.5462440242872962, 0.5498597316349609, 0.41986533735371845, 0.5236548739898054, 0.5295952090734168, 0.5313211607782147, 0.5702028942259052, 0.45157879138294654, 0.48060222743432734, 0.5545495352413081, 0.4257580747332754, 0.42097239535820635, 0.5640739213816727, 0.48743866421753845, 0.5620918968055821, 0.48120196540898913, 0.3831886679311342, 0.6049723415812359, 0.47763219966164117, 0.4075760624453991, 0.5437206459950797, 0.49406096791919274, 0.5200423017332826, 0.5711970159524604, 0.44668550770494003, 0.4509665988668611, 0.7657745316436019, 0.4370237415349936, 0.4470356029422977, 0.6598950186862221, 0.4277032545850247, 0.470473321555536, 0.6575676862952076, 0.43405738076831724, 0.6053068241741084, 0.40739001729820346, 0.5668678732612465, 0.4256018564293656, 0.5835125617965867, 0.46451807927481736, 0.7291949474358861, 0.4738467788394493, 0.5695135387816007, 0.43891470530365084, 0.41843828483472895, 0.6961843707138979, 0.39597331194937985, 0.7198456927568098, 0.4050622861596602, 0.5389272287676606, 0.41655674086341377, 0.6970288072583042, 0.41116087855417516, 0.4349112291879292, 0.6925465253335011, 0.4379162758211546, 0.5806998176665246, 0.475641667842865, 0.45467654926867423, 0.4703792194022408, 0.42746018986158735, 0.6227526906170423, 0.44913286649728124, 0.45163476882101616, 0.7377583367537849, 0.42547977989232993, 0.3846557581726509, 0.5859501086458375, 0.41993157773078243, 0.4776029914994783, 0.5128596300565744, 0.6266293172972112, 0.3920728021030185], "G": [5.1764201257802265, 5.451985434640812, 5.143222826945631, 4.275186740899388, 4.146786602237556, 4.568723322469977, 4.086953139003319, 3.900871313070949, 4.199169327941122, 4.142257246790053, 3.5113529993008963, 3.3503865697715858, 3.292837173123903, 3.259176975564112, 3.00686889056918, 3.0586631193379814, 3.0267688428299335, 3.3259211039241356, 2.8087247388578858, 2.9875466853757446, 3.2807576471491706, 2.9933348411246192, 2.894311375633071, 2.8077451522591748, 2.637513297268107, 2.652332850649387, 2.387501819224297, 2.317584732665291, 2.297923193136348, 2.2561701249472703, 2.3632807588275475, 2.5223200902154175, 2.2734009930981864, 2.423410150257847, 2.2138431524928612, 2.390959662727163, 2.2910362523567827, 2.240532821492304, 2.3844725225545185, 2.3136060113393806, 2.2534224945533126, 2.224625377998322, 2.3406882844393766, 2.3296819970577576, 2.404498824165969, 2.3410021062893205, 2.359483684165568, 2.229578889623473, 2.3516532774024372, 2.330155113075353, 2.2143434750128397, 2.3812689652925805, 2.179946798312513, 2.3541639274151267, 2.1190849195552777, 2.1936766595780095, 2.2315361362092103, 2.291153929656065, 2.126515062549446, 2.1118115530455412, 2.1584142537056645, 2.1019474184965787, 2.1942181179795086, 2.172911865047262, 2.092541062379185, 2.1483654957028886, 2.0911778682206252, 2.0954037369052068, 2.090181257905839, 2.143244030472787, 2.0933143836033494, 2.1517879404599154, 2.1389433612363247, 2.123941839495792, 2.146671441159671, 2.054675375358968, 2.099925264904771, 2.075343165216567, 2.0758893759567525, 2.107023753697359, 2.119139338218713, 2.0744695893571348, 2.055604511423956, 2.076226365905774, 2.130533547341069, 2.133348600773872, 2.13400664736953, 2.162050749682173, 2.1364160749731185, 2.1037728420541257, 2.1650110656702064, 2.1928084573791, 2.073388569717166, 2.1224320991129817, 2.13098091981079, 2.1285933233514616, 2.158909498890744, 2.1599183897428875, 2.183959062152271, 2.1533462178858023], "fid_epochs": [10, 20, 30, 40, 50, 60, 70, 80, 90, 100], "fid_values": [223.304802555359, 154.77542266669244, 97.74840361178087, 101.72599244248471, 91.65033639971483, 79.0605333439081, 76.22449119369338, 66.23309365626073, 63.36978289119827, 60.456599898112756]}