{"D": [0.230917986014739, 0.4143583587192475, 0.22763988087151912, 0.2510663623029881, 0.3265761378439183, 0.30358097014275004, 0.3601742815781147, 0.4809591254655351, 0.5509928626582977, 0.5213327069231805, 0.5335129911912249, 0.5060554324312413, 0.4949474757656138, 0.4922199141471944, 0.511047093284891, 0.5571687770967788, 0.48892108322458067, 0.5022536362739319, 0.4969604194798368, 0.5054401069879532, 0.49769453919948414, 0.5552809686102765, 0.54937939396564, 0.5592127925538002, 0.591551555344399, 0.5489000748446647, 0.6163848778034778, 0.5877702713329741, 0.5738215302533292, 0.5610732227563858, 0.6079290166180185, 0.5885053224386053, 0.6212438753944762, 0.6063783022951572, 0.578720715356634, 0.6040648279671973, 0.6096695410444382, 0.6114866100727243, 0.6056306060324324, 0.5858434462166847, 0.5663674799051691, 0.5779445922755181, 0.5948885405951357, 0.5578028011829295, 0.5538570483948322, 0.5604601308703423, 0.5330069979454609, 0.5474833572164495, 0.5410776091382858, 0.5260515148335315, 0.5007014255574409, 0.49749000234172697, 0.4884999612227399, 0.45571050869023544, 0.4773844802316199, 0.46649081091931527, 0.45121930488880646, 0.4151669348173953, 0.4541945242184274, 0.45024684502723367, 0.45009871093516657, 0.44648374357122056, 0.39547381093527406, 0.4010206508509656, 0.3897350759899363, 0.46486633087092255, 0.38028190438734727, 0.3588467777726498, 0.40676125765163845, 0.3437983198685849, 0.3942723794186369, 0.3600829744434103, 0.35958959664753143, 0.3298105243197147, 0.36921883975254727, 0.31942738942960475, 0.33678182499839904, 0.3126544385831407, 0.31097533122656196, 0.31068604829463553, 0.323460925592387, 0.2900322657633335, 0.4368163092814861, 0.2480091447684359, 0.30036106343440555, 0.2772499182281342, 0.26339048084584954, 0.2554145309202214, 0.30756126737340966, 0.28557652620241997, 0.37274982674007723, 0.249677701286496, 0.2108768226222155, 0.2867955246345794, 0.21713677692286512, 0.24672013747882335, 0.2923381677254083, 0.28034275082197596, 0.18338789411602502, 0.4215069791420977], "G": [3.803753321221534, 2.269614080656716, 2.4244583325183138, 2.2431875809710076, 1.8385558234884385, 1.942736668084213, 1.799598624573109, 1.4981409240910348, 1.408258909652842, 1.4681599758723949, 1.4262866987192884, 1.4371404547323572, 1.4289775850290949, 1.4376000950628138, 1.4424142926772858, 1.3753957193582615, 1.4179672416854412, 1.3778079556776806, 1.4042708210647106, 1.3911049783546874, 1.3442920085280499, 1.2864130520598684, 1.2761279675158415, 1.259754326390697, 1.2230617706128892, 1.2315463154081334, 1.2028958138791805, 1.1469473242204875, 1.218073606863618, 1.1918735237276934, 1.1516607761224533, 1.181096513141343, 1.150621874725565, 1.1446081275001485, 1.1433181627633724, 1.1435603867185877, 1.166161814902691, 1.1489095281175477, 1.15166870382555, 1.1220683168263195, 1.1451174504103814, 1.1525898253029965, 1.145980187362813, 1.1700505747677798, 1.173253401511527, 1.1820137212251096, 1.1927119773356838, 1.1907488042211278, 1.2027415076627377, 1.186397099336411, 1.213682870138833, 1.2437007716520037, 1.2664586623932452, 1.2624612402250157, 1.260099323664574, 1.2940451495824976, 1.2903684786184038, 1.3183185004371596, 1.3173415447644732, 1.3212303808553423, 1.34964434877038, 1.331232507606136, 1.3764381222109845, 1.3680416936411504, 1.4047446133846297, 1.3859151708477355, 1.3925819503183061, 1.4207663154586199, 1.4296020679334376, 1.4340969539703208, 1.4626339799546182, 1.4626244902610779, 1.4615516793141339, 1.4783418219774327, 1.503552487318186, 1.5143150550174587, 1.506457814859583, 1.5542414806624676, 1.5685309976022295, 1.5591460580204395, 1.5715776095682001, 1.6026090553783356, 1.518669305963719, 1.6208466189338806, 1.6287810001443042, 1.6246652565103896, 1.6532803819534627, 1.6484045190379975, 1.6306116907837542, 1.6524332150182826, 1.6130946681854572, 1.6560990463070413, 1.6963004908187593, 1.6973713652250615, 1.739525733983263, 1.7174049551816697, 1.7153273133838431, 1.7288539336162045, 1.8150561956649132, 1.7014066736669617], "fid_epochs": [10, 20, 30, 40, 50, 60, 70, 80, 90, 100], "fid_values": [98.62920508017953, 70.48872848167849, 63.628113099369614, 55.41739572043258, 55.474425515005464, 49.14058569046631, 51.83776423115876, 48.04414546886977, 45.537236363809484, 45.790940101435126]}