{"D": [1.4203427443114083, 1.3635180712965749, 1.3503088573055804, 1.35154318291208, 1.3662261008606542, 1.3719922761478083, 1.37546961264842, 1.3719712925688994, 1.363253987048898, 1.3504439378943285, 1.3391153443499904, 1.3527118113949477, 1.3553213307924588, 1.3619779656305337, 1.3584568970038762, 1.352059586578623, 1.360045542192581, 1.3615873872166704, 1.3632631210414954, 1.3663507693868768, 1.3668513258399866, 1.3657006110681598, 1.3664689149393145, 1.3674981249567797, 1.3676233444067523, 1.3695152979677596, 1.3693821177153331, 1.3706878899308421, 1.3702380327922303, 1.3688117098015593, 1.3703366996687087, 1.3666085050538983, 1.3643395583647902, 1.3629253526477862, 1.3643960388725067, 1.3648825514956813, 1.3659422742131422, 1.3683050078199344, 1.3671760071269081, 1.367990803535637, 1.3681072847312674, 1.3700268006385745, 1.370516580084096, 1.3712587951089414, 1.3710811482670973, 1.3722596699014649, 1.3723489771718564, 1.3727525747035776, 1.3736419208214412, 1.3737384983340797, 1.3733327205833572, 1.3738307818732298, 1.3751229059970593, 1.3743906676616815, 1.37522860317279, 1.3751110609839945, 1.3757041244555617, 1.3761055234752957, 1.3753365942889162, 1.3762078779127898, 1.3760093227981607, 1.376360495986841, 1.3766918825676373, 1.3765935717946123, 1.3768792874977718, 1.3770408416952928, 1.3776121371237517, 1.3774674582054547, 1.377351142256461, 1.3773697980529511, 1.3776781574234633, 1.3779698704819545, 1.3777322689895435, 1.3773729868252258, 1.37719191401206, 1.3772653149216987, 1.3778124596456738, 1.3774001022129108, 1.377411084406821, 1.377571829444612, 1.377492855881791, 1.3775468119574934, 1.3777162995179901, 1.377528093050203, 1.3778250836350423, 1.3779957364587223, 1.3775700089876608, 1.3781473566504086, 1.3776923253408173, 1.3777915245431769, 1.377655958275661, 1.3779287557772664, 1.3777014754922188, 1.3778876999150151, 1.3776926189432364, 1.3786085020855565, 1.3782047682710925, 1.3779791374035808, 1.3779239206362868, 1.3777624835138735], "G": [1.2538150826378551, 0.7417301165173426, 0.7430950715718672, 0.7413858164606801, 0.7268226349445255, 0.7199365453951804, 0.7152973869267631, 0.7196385514400804, 0.727902162105531, 0.7408038283248082, 0.7532278000546233, 0.7382862738636143, 0.7347525957295352, 0.7273305793247564, 0.7294152045188962, 0.7359196138199028, 0.7272576749172357, 0.7264712762344828, 0.7220209556467393, 0.7184657911815302, 0.7183122595252893, 0.7176023494557041, 0.7184120753537053, 0.7161570970359665, 0.717382519293929, 0.7138652400592403, 0.7134229830463829, 0.7118662356415673, 0.7117352616756468, 0.7143151055821373, 0.7112084912217181, 0.7145154625558487, 0.7161672758629255, 0.7175302468907193, 0.7161135114062472, 0.7152642868363949, 0.7149796888346562, 0.7122055895798042, 0.713310573564466, 0.7119570892790089, 0.7121844213941823, 0.709469301773764, 0.709228021257064, 0.7092717157300475, 0.7087501760029122, 0.7077107575848279, 0.7072320812193634, 0.7072528134221616, 0.7062545539168141, 0.7060730374987473, 0.7062800575400252, 0.7058104124215557, 0.7045670220309206, 0.7052236798474246, 0.70427033190837, 0.7043784603743297, 0.7037236855158111, 0.7031241862670236, 0.7037170070516484, 0.7031142147605681, 0.7028979204804696, 0.7029889343339769, 0.7024933259810329, 0.7026355356511558, 0.7024050278736808, 0.7019774134811538, 0.7016904264154946, 0.7012478384520392, 0.7017134136860937, 0.7015068293227564, 0.7014745216235481, 0.7012719736074853, 0.7008852559282347, 0.7013741864267823, 0.7014322738208429, 0.7013055194369362, 0.7016090448860013, 0.701308489912916, 0.7012789325640939, 0.7008657993562996, 0.7010440745621996, 0.7017215186982508, 0.7009422484871066, 0.7011854198887525, 0.7009101839321653, 0.7005636131062227, 0.7007715965780761, 0.7008360266075719, 0.7006559525914204, 0.7006038221556817, 0.7006628909684203, 0.700416748328587, 0.7008649563545462, 0.7005626731516456, 0.70065064823536, 0.7008842188683923, 0.7002285464340464, 0.7001856852065572, 0.7004578034286304, 0.7004704319912455], "fid_epochs": [10, 20, 30, 40, 50, 60, 70, 80, 90, 100], "fid_values": [304.76607231741286, 149.8930761241922, 120.65908721241885, 93.39887721782742, 86.6842622674659, 67.84618655179202, 79.07726661020132, 61.46004927107742, 60.38191838594139, 59.079590600165886]}